Workbook

Sheet Project Brief
A1: Engineering Competency Gap Dashboard - Mock Dataset v2
A2: GE Vernova-style portfolio project: competency data, skill gap analysis, user support workflows, evidence control and leadership reporting.
A4: JD Alignment | B4: How this workbook supports the GE Vernova Data Analyst Intern - Competency Management role
A5: Competency models | B5: competency_model sheet simulates creating/modifying skill models, required levels and criticality.
A6: User/account support | B6: employees sheet includes account_status, people leader and role data to support user/account workflows.
A7: Data analysis | B7: assessments sheet uses formulas to calculate gap, severity, readiness, priority score and data quality flags.
A8: Evidence workflow | B8: evidence_log simulates uploaded assessment evidence, verification status, quality score and reviewer issues.
A9: Access audit | B9: access_audit simulates user permissions, access issues, ticket status and support ownership.
A10: Trend analysis | B10: assessment_history provides quarterly skill movement for readiness and gap trend reporting.
A11: Targets | B11: competency_targets gives team/area readiness targets for leadership comparison.
A12: Dashboards/reporting | B12: dashboard_seed sheet gives KPI and summary tables ready for Tableau or Power BI import.
A13: Leadership insight | B13: training_actions sheet links high-priority gaps to recommended training and ownership.
A14: Data accuracy | B14: Dataset intentionally includes stale assessments, missing evidence, inactive accounts and duplicate records.
A15: Next step | B15: Use Python/Pandas to clean the workbook, validate rules, export dashboard-ready data and create insight slides.
... A20: Target role | B20: Data Analyst Intern - Competency Management

Sheet employees
A1: employee_id | B1: employee_name | C1: team | D1: role_family | E1: job_level | F1: people_leader | G1: location | H1: account_status | I1: start_date
A2: E001 | B2: Avery Brown | C2: Asset Management | D2: Systems Engineering | E2: Senior Engineer | F2: Aisha Khan | G2: Stafford | H2: Active | I2: 45486.264
A3: E002 | B3: Alex Shah | C3: Systems Engineering | D3: Data & Reporting | E3: Engineer | F3: Sarah Williams | G3: Stafford | H3: Active | I3: 45915.75
A4: E003 | B4: Jamie Taylor | C4: Asset Management | D4: Systems Engineering | E4: Engineer | F4: Aisha Khan | G4: Stafford | H4: Active | I4: 44796.186
A5: E004 | B5: Riley Chen | C5: Protection & Control | D5: Engineering Management | E5: Engineer | F5: Aisha Khan | G5: Stafford | H5: Active | I5: 45478.276
A6: E005 | B6: Jamie Williams | C6: Systems Engineering | D6: Testing & Validation | E6: Senior Engineer | F6: Tom Evans | G6: Stafford | H6: Active | I6: 44900.813
A7: E006 | B7: Taylor Patel | C7: Protection & Control | D7: Software Engineering | E7: Senior Engineer | F7: Sarah Williams | G7: Stafford | H7: Active | I7: 45006.613
A8: E007 | B8: Morgan Nguyen | C8: Asset Management | D8: Data & Reporting | E8: Lead Engineer | F8: Tom Evans | G8: Stafford | H8: Active | I8: 45285.261
A9: E008 | B9: Morgan Williams | C9: HVDC | D9: Systems Engineering | E9: Engineer | F9: Mei Chen | G9: Stafford | H9: Active | I9: 44900.666
A10: E009 | B10: Riley Morgan | C10: Systems Engineering | D10: Testing & Validation | E10: Graduate | F10: Sarah Williams | G10: Stafford | H10: Active | I10: 44917.428
A11: E010 | B11: Jordan Khan | C11: HVDC | D11: Data & Reporting | E11: Senior Engineer | F11: James Walker | G11: Stafford | H11: Active | I11: 45883.026
A12: E011 | B12: Casey Walker | C12: Systems Engineering | D12: Software Engineering | E12: Graduate | F12: Priya Shah | G12: Stafford | H12: Active | I12: 45508.802
A13: E012 | B13: Morgan Khan | C13: Systems Engineering | D13: Testing & Validation | E13: Lead Engineer | F13: Priya Shah | G13: Stafford | H13: Active | I13: 45935.78
... A37: E036 | B37: Robin Patel | C37: Asset Management | D37: Testing & Validation | E37: Lead Engineer | F37: Tom Evans | G37: Stafford | H37: Active | I37: 45708.993

Sheet competency_model
A1: competency_id | B1: competency_model | C1: competency_area | D1: competency_name | E1: role_family | F1: required_level | G1: criticality
A2: C001 | B2: Grid Solutions Engineering | C2: Data Analysis | D2: Excel Data Cleaning | E2: Data & Reporting | F2: 4 | G2: High
A3: C002 | B3: Grid Solutions Engineering | C3: Data Analysis | D3: Python Data Cleaning | E3: Data & Reporting | F3: 4 | G3: High
A4: C003 | B4: Grid Solutions Engineering | C4: Data Analysis | D4: SQL Querying | E4: Data & Reporting | F4: 3 | G4: Medium
A5: C004 | B5: Grid Solutions Engineering | C5: Excel Reporting | D5: PivotTables and Power Query | E5: Data & Reporting | F5: 4 | G5: High
A6: C005 | B6: Grid Solutions Engineering | C6: Tableau | D6: Tableau Dashboard Building | E6: Data & Reporting | F6: 3 | G6: High
A7: C006 | B7: Grid Solutions Engineering | C7: PowerPoint Presentation | D7: Leadership Storytelling | E7: Data & Reporting | F7: 3 | G7: Medium
A8: C007 | B8: Grid Solutions Engineering | C8: Engineering Documentation | D8: Technical Documentation | E8: Systems Engineering | F8: 4 | G8: High
A9: C008 | B9: Grid Solutions Engineering | C9: Power Systems Knowledge | D9: Grid Protection Fundamentals | E9: Protection & Control | F9: 4 | G9: High
A10: C009 | B10: Grid Solutions Engineering | C10: Power Systems Knowledge | D10: HVDC System Concepts | E10: Systems Engineering | F10: 3 | G10: High
A11: C010 | B11: Grid Solutions Engineering | C11: Testing & Validation | D11: Test Evidence Review | E11: Testing & Validation | F11: 4 | G11: High
A12: C011 | B12: Grid Solutions Engineering | C12: Testing & Validation | D12: Defect Investigation | E12: Testing & Validation | F12: 3 | G12: Medium
A13: C012 | B13: Grid Solutions Engineering | C13: Safety / Compliance | D13: Engineering Safety Awareness | E13: Systems Engineering | F13: 4 | G13: High
... A25: C024 | B25: Grid Solutions Engineering | C25: Asset Management | D25: Engineering Performance Indicators | E25: Asset Management | F25: 3 | G25: High

Sheet assessments
A1: assessment_id | B1: employee_id | C1: employee_name | D1: team | E1: role_family | F1: job_level | G1: competency_id | H1: competency_area | I1: competency_name | J1: required_level | K1: criticality | L1: current_level | M1: gap | N1: gap_severity | O1: criticality_weight | P1: priority_score | Q1: readiness_status | R1: evidence_status | S1: assessment_date | T1: assessment_age_days | U1: assessor | V1: comments | W1: data_quality_flag
A2: A0001 | B2: E001 | C2: =IFERROR(INDEX(employees!$B$2:$B$37,MATCH(B2,employees!$A$2:$A$37,0)),"") -> Avery Brown | D2: =IFERROR(INDEX(employees!$C$2:$C$37,MATCH(B2,employees!$A$2:$A$37,0)),"") -> Asset Management | E2: =IFERROR(INDEX(employees!$D$2:$D$37,MATCH(B2,employees!$A$2:$A$37,0)),"") -> Systems Engineering | F2: =IFERROR(INDEX(employees!$E$2:$E$37,MATCH(B2,employees!$A$2:$A$37,0)),"") -> Senior Engineer | G2: C009 | H2: =IFERROR(INDEX(competency_model!$C$2:$C$25,MATCH(G2,competency_model!$A$2:$A$25,0)),"") -> Power Systems Knowledge | I2: =IFERROR(INDEX(competency_model!$D$2:$D$25,MATCH(G2,competency_model!$A$2:$A$25,0)),"") -> HVDC System Concepts | J2: =IFERROR(INDEX(competency_model!$F$2:$F$25,MATCH(G2,competency_model!$A$2:$A$25,0)),"") -> 3 | K2: =IFERROR(INDEX(competency_model!$G$2:$G$25,MATCH(G2,competency_model!$A$2:$A$25,0)),"") -> High | L2: 2 | M2: =MAX(0,J2-L2) -> 1 | N2: =IF(M2=0,"No Gap",IF(M2=1,"Minor",IF(M2=2,"Moderate","Critical"))) -> Minor | O2: =IF(K2="High",3,IF(K2="Medium",2,1)) -> 3 | P2: =M2*O2 -> 3 | Q2: =IF(L2>=J2,"Ready","Development Needed") -> Development Needed | R2: Missing | S2: 46181.326 | T2: =TODAY()-S2 -> 20.674453 | U2: Manager | W2: =IF(R2="Missing","Missing evidence",IF(T2>365,"Stale assessment",IF(COUNTIFS($B$2:$B$264,B2,$G$2:$G$264,G2)>1,"Duplicate competency record",IF(INDEX(employees!$H$2:$H$37,MATCH(B2,employees!$A$2:$A$37,0))="Inactive","Inactive account","OK")))) -> Missing evidence
A3: A0002 | B3: E001 | C3: =IFERROR(INDEX(employees!$B$2:$B$37,MATCH(B3,employees!$A$2:$A$37,0)),"") -> Avery Brown | D3: =IFERROR(INDEX(employees!$C$2:$C$37,MATCH(B3,employees!$A$2:$A$37,0)),"") -> Asset Management | E3: =IFERROR(INDEX(employees!$D$2:$D$37,MATCH(B3,employees!$A$2:$A$37,0)),"") -> Systems Engineering | F3: =IFERROR(INDEX(employees!$E$2:$E$37,MATCH(B3,employees!$A$2:$A$37,0)),"") -> Senior Engineer | G3: C020 | H3: =IFERROR(INDEX(competency_model!$C$2:$C$25,MATCH(G3,competency_model!$A$2:$A$25,0)),"") -> User Support | I3: =IFERROR(INDEX(competency_model!$D$2:$D$25,MATCH(G3,competency_model!$A$2:$A$25,0)),"") -> Competency Tool User Support | J3: =IFERROR(INDEX(competency_model!$F$2:$F$25,MATCH(G3,competency_model!$A$2:$A$25,0)),"") -> 3 | K3: =IFERROR(INDEX(competency_model!$G$2:$G$25,MATCH(G3,competency_model!$A$2:$A$25,0)),"") -> Medium | L3: 2 | M3: =MAX(0,J3-L3) -> 1 | N3: =IF(M3=0,"No Gap",IF(M3=1,"Minor",IF(M3=2,"Moderate","Critical"))) -> Minor | O3: =IF(K3="High",3,IF(K3="Medium",2,1)) -> 2 | P3: =M3*O3 -> 2 | Q3: =IF(L3>=J3,"Ready","Development Needed") -> Development Needed | R3: Partial | S3: 46190.881 | T3: =TODAY()-S3 -> 11.119105 | U3: Manager | V3: Ready for review | W3: =IF(R3="Missing","Missing evidence",IF(T3>365,"Stale assessment",IF(COUNTIFS($B$2:$B$264,B3,$G$2:$G$264,G3)>1,"Duplicate competency record",IF(INDEX(employees!$H$2:$H$37,MATCH(B3,employees!$A$2:$A$37,0))="Inactive","Inactive account","OK")))) -> OK
A4: A0003 | B4: E001 | C4: =IFERROR(INDEX(employees!$B$2:$B$37,MATCH(B4,employees!$A$2:$A$37,0)),"") -> Avery Brown | D4: =IFERROR(INDEX(employees!$C$2:$C$37,MATCH(B4,employees!$A$2:$A$37,0)),"") -> Asset Management | E4: =IFERROR(INDEX(employees!$D$2:$D$37,MATCH(B4,employees!$A$2:$A$37,0)),"") -> Systems Engineering | F4: =IFERROR(INDEX(employees!$E$2:$E$37,MATCH(B4,employees!$A$2:$A$37,0)),"") -> Senior Engineer | G4: C013 | H4: =IFERROR(INDEX(competency_model!$C$2:$C$25,MATCH(G4,competency_model!$A$2:$A$25,0)),"") -> Stakeholder Communication | I4: =IFERROR(INDEX(competency_model!$D$2:$D$25,MATCH(G4,competency_model!$A$2:$A$25,0)),"") -> Non-Technical Explanation | J4: =IFERROR(INDEX(competency_model!$F$2:$F$25,MATCH(G4,competency_model!$A$2:$A$25,0)),"") -> 3 | K4: =IFERROR(INDEX(competency_model!$G$2:$G$25,MATCH(G4,competency_model!$A$2:$A$25,0)),"") -> Medium | L4: 3 | M4: =MAX(0,J4-L4) -> 0 | N4: =IF(M4=0,"No Gap",IF(M4=1,"Minor",IF(M4=2,"Moderate","Critical"))) -> No Gap | O4: =IF(K4="High",3,IF(K4="Medium",2,1)) -> 2 | P4: =M4*O4 -> 0 | Q4: =IF(L4>=J4,"Ready","Development Needed") -> Ready | R4: Verified | S4: 45976.81 | T4: =TODAY()-S4 -> 225.18998 | U4: Self | W4: =IF(R4="Missing","Missing evidence",IF(T4>365,"Stale assessment",IF(COUNTIFS($B$2:$B$264,B4,$G$2:$G$264,G4)>1,"Duplicate competency record",IF(INDEX(employees!$H$2:$H$37,MATCH(B4,employees!$A$2:$A$37,0))="Inactive","Inactive account","OK")))) -> OK
A5: A0004 | B5: E001 | C5: =IFERROR(INDEX(employees!$B$2:$B$37,MATCH(B5,employees!$A$2:$A$37,0)),"") -> Avery Brown | D5: =IFERROR(INDEX(employees!$C$2:$C$37,MATCH(B5,employees!$A$2:$A$37,0)),"") -> Asset Management | E5: =IFERROR(INDEX(employees!$D$2:$D$37,MATCH(B5,employees!$A$2:$A$37,0)),"") -> Systems Engineering | F5: =IFERROR(INDEX(employees!$E$2:$E$37,MATCH(B5,employees!$A$2:$A$37,0)),"") -> Senior Engineer | G5: C004 | H5: =IFERROR(INDEX(competency_model!$C$2:$C$25,MATCH(G5,competency_model!$A$2:$A$25,0)),"") -> Excel Reporting | I5: =IFERROR(INDEX(competency_model!$D$2:$D$25,MATCH(G5,competency_model!$A$2:$A$25,0)),"") -> PivotTables and Power Query | J5: =IFERROR(INDEX(competency_model!$F$2:$F$25,MATCH(G5,competency_model!$A$2:$A$25,0)),"") -> 4 | K5: =IFERROR(INDEX(competency_model!$G$2:$G$25,MATCH(G5,competency_model!$A$2:$A$25,0)),"") -> High | L5: 1 | M5: =MAX(0,J5-L5) -> 3 | N5: =IF(M5=0,"No Gap",IF(M5=1,"Minor",IF(M5=2,"Moderate","Critical"))) -> Critical | O5: =IF(K5="High",3,IF(K5="Medium",2,1)) -> 3 | P5: =M5*O5 -> 9 | Q5: =IF(L5>=J5,"Ready","Development Needed") -> Development Needed | R5: Partial | S5: 46094.424 | T5: =TODAY()-S5 -> 107.57561 | U5: Manager | V5: Needs evidence upload | W5: =IF(R5="Missing","Missing evidence",IF(T5>365,"Stale assessment",IF(COUNTIFS($B$2:$B$264,B5,$G$2:$G$264,G5)>1,"Duplicate competency record",IF(INDEX(employees!$H$2:$H$37,MATCH(B5,employees!$A$2:$A$37,0))="Inactive","Inactive account","OK")))) -> OK
A6: A0005 | B6: E001 | C6: =IFERROR(INDEX(employees!$B$2:$B$37,MATCH(B6,employees!$A$2:$A$37,0)),"") -> Avery Brown | D6: =IFERROR(INDEX(employees!$C$2:$C$37,MATCH(B6,employees!$A$2:$A$37,0)),"") -> Asset Management | E6: =IFERROR(INDEX(employees!$D$2:$D$37,MATCH(B6,employees!$A$2:$A$37,0)),"") -> Systems Engineering | F6: =IFERROR(INDEX(employees!$E$2:$E$37,MATCH(B6,employees!$A$2:$A$37,0)),"") -> Senior Engineer | G6: C006 | H6: =IFERROR(INDEX(competency_model!$C$2:$C$25,MATCH(G6,competency_model!$A$2:$A$25,0)),"") -> PowerPoint Presentation | I6: =IFERROR(INDEX(competency_model!$D$2:$D$25,MATCH(G6,competency_model!$A$2:$A$25,0)),"") -> Leadership Storytelling | J6: =IFERROR(INDEX(competency_model!$F$2:$F$25,MATCH(G6,competency_model!$A$2:$A$25,0)),"") -> 3 | K6: =IFERROR(INDEX(competency_model!$G$2:$G$25,MATCH(G6,competency_model!$A$2:$A$25,0)),"") -> Medium | L6: 2 | M6: =MAX(0,J6-L6) -> 1 | N6: =IF(M6=0,"No Gap",IF(M6=1,"Minor",IF(M6=2,"Moderate","Critical"))) -> Minor | O6: =IF(K6="High",3,IF(K6="Medium",2,1)) -> 2 | P6: =M6*O6 -> 2 | Q6: =IF(L6>=J6,"Ready","Development Needed") -> Development Needed | R6: Verified | S6: 46162.996 | T6: =TODAY()-S6 -> 39.004066 | U6: Self | V6: Discuss training route with leader | W6: =IF(R6="Missing","Missing evidence",IF(T6>365,"Stale assessment",IF(COUNTIFS($B$2:$B$264,B6,$G$2:$G$264,G6)>1,"Duplicate competency record",IF(INDEX(employees!$H$2:$H$37,MATCH(B6,employees!$A$2:$A$37,0))="Inactive","Inactive account","OK")))) -> OK
A7: A0006 | B7: E001 | C7: =IFERROR(INDEX(employees!$B$2:$B$37,MATCH(B7,employees!$A$2:$A$37,0)),"") -> Avery Brown | D7: =IFERROR(INDEX(employees!$C$2:$C$37,MATCH(B7,employees!$A$2:$A$37,0)),"") -> Asset Management | E7: =IFERROR(INDEX(employees!$D$2:$D$37,MATCH(B7,employees!$A$2:$A$37,0)),"") -> Systems Engineering | F7: =IFERROR(INDEX(employees!$E$2:$E$37,MATCH(B7,employees!$A$2:$A$37,0)),"") -> Senior Engineer | G7: C024 | H7: =IFERROR(INDEX(competency_model!$C$2:$C$25,MATCH(G7,competency_model!$A$2:$A$25,0)),"") -> Asset Management | I7: =IFERROR(INDEX(competency_model!$D$2:$D$25,MATCH(G7,competency_model!$A$2:$A$25,0)),"") -> Engineering Performance Indicators | J7: =IFERROR(INDEX(competency_model!$F$2:$F$25,MATCH(G7,competency_model!$A$2:$A$25,0)),"") -> 3 | K7: =IFERROR(INDEX(competency_model!$G$2:$G$25,MATCH(G7,competency_model!$A$2:$A$25,0)),"") -> High | L7: 1 | M7: =MAX(0,J7-L7) -> 2 | N7: =IF(M7=0,"No Gap",IF(M7=1,"Minor",IF(M7=2,"Moderate","Critical"))) -> Moderate | O7: =IF(K7="High",3,IF(K7="Medium",2,1)) -> 3 | P7: =M7*O7 -> 6 | Q7: =IF(L7>=J7,"Ready","Development Needed") -> Development Needed | R7: Missing | S7: 46131.1 | T7: =TODAY()-S7 -> 70.900424 | U7: Manager | W7: =IF(R7="Missing","Missing evidence",IF(T7>365,"Stale assessment",IF(COUNTIFS($B$2:$B$264,B7,$G$2:$G$264,G7)>1,"Duplicate competency record",IF(INDEX(employees!$H$2:$H$37,MATCH(B7,employees!$A$2:$A$37,0))="Inactive","Inactive account","OK")))) -> Missing evidence
A8: A0007 | B8: E001 | C8: =IFERROR(INDEX(employees!$B$2:$B$37,MATCH(B8,employees!$A$2:$A$37,0)),"") -> Avery Brown | D8: =IFERROR(INDEX(employees!$C$2:$C$37,MATCH(B8,employees!$A$2:$A$37,0)),"") -> Asset Management | E8: =IFERROR(INDEX(employees!$D$2:$D$37,MATCH(B8,employees!$A$2:$A$37,0)),"") -> Systems Engineering | F8: =IFERROR(INDEX(employees!$E$2:$E$37,MATCH(B8,employees!$A$2:$A$37,0)),"") -> Senior Engineer | G8: C014 | H8: =IFERROR(INDEX(competency_model!$C$2:$C$25,MATCH(G8,competency_model!$A$2:$A$25,0)),"") -> Stakeholder Communication | I8: =IFERROR(INDEX(competency_model!$D$2:$D$25,MATCH(G8,competency_model!$A$2:$A$25,0)),"") -> Cross-Functional Updates | J8: =IFERROR(INDEX(competency_model!$F$2:$F$25,MATCH(G8,competency_model!$A$2:$A$25,0)),"") -> 3 | K8: =IFERROR(INDEX(competency_model!$G$2:$G$25,MATCH(G8,competency_model!$A$2:$A$25,0)),"") -> Medium | L8: 1 | M8: =MAX(0,J8-L8) -> 2 | N8: =IF(M8=0,"No Gap",IF(M8=1,"Minor",IF(M8=2,"Moderate","Critical"))) -> Moderate | O8: =IF(K8="High",3,IF(K8="Medium",2,1)) -> 2 | P8: =M8*O8 -> 4 | Q8: =IF(L8>=J8,"Ready","Development Needed") -> Development Needed | R8: Missing | S8: 46098.836 | T8: =TODAY()-S8 -> 103.16445 | U8: Self | W8: =IF(R8="Missing","Missing evidence",IF(T8>365,"Stale assessment",IF(COUNTIFS($B$2:$B$264,B8,$G$2:$G$264,G8)>1,"Duplicate competency record",IF(INDEX(employees!$H$2:$H$37,MATCH(B8,employees!$A$2:$A$37,0))="Inactive","Inactive account","OK")))) -> Missing evidence
A9: A0008 | B9: E001 | C9: =IFERROR(INDEX(employees!$B$2:$B$37,MATCH(B9,employees!$A$2:$A$37,0)),"") -> Avery Brown | D9: =IFERROR(INDEX(employees!$C$2:$C$37,MATCH(B9,employees!$A$2:$A$37,0)),"") -> Asset Management | E9: =IFERROR(INDEX(employees!$D$2:$D$37,MATCH(B9,employees!$A$2:$A$37,0)),"") -> Systems Engineering | F9: =IFERROR(INDEX(employees!$E$2:$E$37,MATCH(B9,employees!$A$2:$A$37,0)),"") -> Senior Engineer | G9: C007 | H9: =IFERROR(INDEX(competency_model!$C$2:$C$25,MATCH(G9,competency_model!$A$2:$A$25,0)),"") -> Engineering Documentation | I9: =IFERROR(INDEX(competency_model!$D$2:$D$25,MATCH(G9,competency_model!$A$2:$A$25,0)),"") -> Technical Documentation | J9: =IFERROR(INDEX(competency_model!$F$2:$F$25,MATCH(G9,competency_model!$A$2:$A$25,0)),"") -> 4 | K9: =IFERROR(INDEX(competency_model!$G$2:$G$25,MATCH(G9,competency_model!$A$2:$A$25,0)),"") -> High | L9: 3 | M9: =MAX(0,J9-L9) -> 1 | N9: =IF(M9=0,"No Gap",IF(M9=1,"Minor",IF(M9=2,"Moderate","Critical"))) -> Minor | O9: =IF(K9="High",3,IF(K9="Medium",2,1)) -> 3 | P9: =M9*O9 -> 3 | Q9: =IF(L9>=J9,"Ready","Development Needed") -> Development Needed | R9: Verified | S9: 45967.587 | T9: =TODAY()-S9 -> 234.41336 | U9: Self | W9: =IF(R9="Missing","Missing evidence",IF(T9>365,"Stale assessment",IF(COUNTIFS($B$2:$B$264,B9,$G$2:$G$264,G9)>1,"Duplicate competency record",IF(INDEX(employees!$H$2:$H$37,MATCH(B9,employees!$A$2:$A$37,0))="Inactive","Inactive account","OK")))) -> OK
A10: A0009 | B10: E002 | C10: =IFERROR(INDEX(employees!$B$2:$B$37,MATCH(B10,employees!$A$2:$A$37,0)),"") -> Alex Shah | D10: =IFERROR(INDEX(employees!$C$2:$C$37,MATCH(B10,employees!$A$2:$A$37,0)),"") -> Systems Engineering | E10: =IFERROR(INDEX(employees!$D$2:$D$37,MATCH(B10,employees!$A$2:$A$37,0)),"") -> Data & Reporting | F10: =IFERROR(INDEX(employees!$E$2:$E$37,MATCH(B10,employees!$A$2:$A$37,0)),"") -> Engineer | G10: C020 | H10: =IFERROR(INDEX(competency_model!$C$2:$C$25,MATCH(G10,competency_model!$A$2:$A$25,0)),"") -> User Support | I10: =IFERROR(INDEX(competency_model!$D$2:$D$25,MATCH(G10,competency_model!$A$2:$A$25,0)),"") -> Competency Tool User Support | J10: =IFERROR(INDEX(competency_model!$F$2:$F$25,MATCH(G10,competency_model!$A$2:$A$25,0)),"") -> 3 | K10: =IFERROR(INDEX(competency_model!$G$2:$G$25,MATCH(G10,competency_model!$A$2:$A$25,0)),"") -> Medium | L10: 1 | M10: =MAX(0,J10-L10) -> 2 | N10: =IF(M10=0,"No Gap",IF(M10=1,"Minor",IF(M10=2,"Moderate","Critical"))) -> Moderate | O10: =IF(K10="High",3,IF(K10="Medium",2,1)) -> 2 | P10: =M10*O10 -> 4 | Q10: =IF(L10>=J10,"Ready","Development Needed") -> Development Needed | R10: Verified | S10: 46160.616 | T10: =TODAY()-S10 -> 41.384007 | U10: Self | V10: Ready for review | W10: =IF(R10="Missing","Missing evidence",IF(T10>365,"Stale assessment",IF(COUNTIFS($B$2:$B$264,B10,$G$2:$G$264,G10)>1,"Duplicate competency record",IF(INDEX(employees!$H$2:$H$37,MATCH(B10,employees!$A$2:$A$37,0))="Inactive","Inactive account","OK")))) -> OK
A11: A0010 | B11: E002 | C11: =IFERROR(INDEX(employees!$B$2:$B$37,MATCH(B11,employees!$A$2:$A$37,0)),"") -> Alex Shah | D11: =IFERROR(INDEX(employees!$C$2:$C$37,MATCH(B11,employees!$A$2:$A$37,0)),"") -> Systems Engineering | E11: =IFERROR(INDEX(employees!$D$2:$D$37,MATCH(B11,employees!$A$2:$A$37,0)),"") -> Data & Reporting | F11: =IFERROR(INDEX(employees!$E$2:$E$37,MATCH(B11,employees!$A$2:$A$37,0)),"") -> Engineer | G11: C002 | H11: =IFERROR(INDEX(competency_model!$C$2:$C$25,MATCH(G11,competency_model!$A$2:$A$25,0)),"") -> Data Analysis | I11: =IFERROR(INDEX(competency_model!$D$2:$D$25,MATCH(G11,competency_model!$A$2:$A$25,0)),"") -> Python Data Cleaning | J11: =IFERROR(INDEX(competency_model!$F$2:$F$25,MATCH(G11,competency_model!$A$2:$A$25,0)),"") -> 4 | K11: =IFERROR(INDEX(competency_model!$G$2:$G$25,MATCH(G11,competency_model!$A$2:$A$25,0)),"") -> High | L11: 2 | M11: =MAX(0,J11-L11) -> 2 | N11: =IF(M11=0,"No Gap",IF(M11=1,"Minor",IF(M11=2,"Moderate","Critical"))) -> Moderate | O11: =IF(K11="High",3,IF(K11="Medium",2,1)) -> 3 | P11: =M11*O11 -> 6 | Q11: =IF(L11>=J11,"Ready","Development Needed") -> Development Needed | R11: Partial | S11: 46057.997 | T11: =TODAY()-S11 -> 144.0028 | U11: Self | V11: Needs practical project evidence | W11: =IF(R11="Missing","Missing evidence",IF(T11>365,"Stale assessment",IF(COUNTIFS($B$2:$B$264,B11,$G$2:$G$264,G11)>1,"Duplicate competency record",IF(INDEX(employees!$H$2:$H$37,MATCH(B11,employees!$A$2:$A$37,0))="Inactive","Inactive account","OK")))) -> OK
A12: A0011 | B12: E002 | C12: =IFERROR(INDEX(employees!$B$2:$B$37,MATCH(B12,employees!$A$2:$A$37,0)),"") -> Alex Shah | D12: =IFERROR(INDEX(employees!$C$2:$C$37,MATCH(B12,employees!$A$2:$A$37,0)),"") -> Systems Engineering | E12: =IFERROR(INDEX(employees!$D$2:$D$37,MATCH(B12,employees!$A$2:$A$37,0)),"") -> Data & Reporting | F12: =IFERROR(INDEX(employees!$E$2:$E$37,MATCH(B12,employees!$A$2:$A$37,0)),"") -> Engineer | G12: C017 | H12: =IFERROR(INDEX(competency_model!$C$2:$C$25,MATCH(G12,competency_model!$A$2:$A$25,0)),"") -> Data Quality | I12: =IFERROR(INDEX(competency_model!$D$2:$D$25,MATCH(G12,competency_model!$A$2:$A$25,0)),"") -> Duplicate and Missing Value Checks | J12: =IFERROR(INDEX(competency_model!$F$2:$F$25,MATCH(G12,competency_model!$A$2:$A$25,0)),"") -> 4 | K12: =IFERROR(INDEX(competency_model!$G$2:$G$25,MATCH(G12,competency_model!$A$2:$A$25,0)),"") -> High | L12: 2 | M12: =MAX(0,J12-L12) -> 2 | N12: =IF(M12=0,"No Gap",IF(M12=1,"Minor",IF(M12=2,"Moderate","Critical"))) -> Moderate | O12: =IF(K12="High",3,IF(K12="Medium",2,1)) -> 3 | P12: =M12*O12 -> 6 | Q12: =IF(L12>=J12,"Ready","Development Needed") -> Development Needed | R12: Verified | S12: 45817.479 | T12: =TODAY()-S12 -> 384.52089 | U12: Manager | W12: =IF(R12="Missing","Missing evidence",IF(T12>365,"Stale assessment",IF(COUNTIFS($B$2:$B$264,B12,$G$2:$G$264,G12)>1,"Duplicate competency record",IF(INDEX(employees!$H$2:$H$37,MATCH(B12,employees!$A$2:$A$37,0))="Inactive","Inactive account","OK")))) -> Stale assessment
A13: A0012 | B13: E002 | C13: =IFERROR(INDEX(employees!$B$2:$B$37,MATCH(B13,employees!$A$2:$A$37,0)),"") -> Alex Shah | D13: =IFERROR(INDEX(employees!$C$2:$C$37,MATCH(B13,employees!$A$2:$A$37,0)),"") -> Systems Engineering | E13: =IFERROR(INDEX(employees!$D$2:$D$37,MATCH(B13,employees!$A$2:$A$37,0)),"") -> Data & Reporting | F13: =IFERROR(INDEX(employees!$E$2:$E$37,MATCH(B13,employees!$A$2:$A$37,0)),"") -> Engineer | G13: C003 | H13: =IFERROR(INDEX(competency_model!$C$2:$C$25,MATCH(G13,competency_model!$A$2:$A$25,0)),"") -> Data Analysis | I13: =IFERROR(INDEX(competency_model!$D$2:$D$25,MATCH(G13,competency_model!$A$2:$A$25,0)),"") -> SQL Querying | J13: =IFERROR(INDEX(competency_model!$F$2:$F$25,MATCH(G13,competency_model!$A$2:$A$25,0)),"") -> 3 | K13: =IFERROR(INDEX(competency_model!$G$2:$G$25,MATCH(G13,competency_model!$A$2:$A$25,0)),"") -> Medium | L13: 1 | M13: =MAX(0,J13-L13) -> 2 | N13: =IF(M13=0,"No Gap",IF(M13=1,"Minor",IF(M13=2,"Moderate","Critical"))) -> Moderate | O13: =IF(K13="High",3,IF(K13="Medium",2,1)) -> 2 | P13: =M13*O13 -> 4 | Q13: =IF(L13>=J13,"Ready","Development Needed") -> Development Needed | R13: Verified | S13: 46012.563 | T13: =TODAY()-S13 -> 189.43654 | U13: System | W13: =IF(R13="Missing","Missing evidence",IF(T13>365,"Stale assessment",IF(COUNTIFS($B$2:$B$264,B13,$G$2:$G$264,G13)>1,"Duplicate competency record",IF(INDEX(employees!$H$2:$H$37,MATCH(B13,employees!$A$2:$A$37,0))="Inactive","Inactive account","OK")))) -> OK
A14: A0013 | B14: E002 | C14: =IFERROR(INDEX(employees!$B$2:$B$37,MATCH(B14,employees!$A$2:$A$37,0)),"") -> Alex Shah | D14: =IFERROR(INDEX(employees!$C$2:$C$37,MATCH(B14,employees!$A$2:$A$37,0)),"") -> Systems Engineering | E14: =IFERROR(INDEX(employees!$D$2:$D$37,MATCH(B14,employees!$A$2:$A$37,0)),"") -> Data & Reporting | F14: =IFERROR(INDEX(employees!$E$2:$E$37,MATCH(B14,employees!$A$2:$A$37,0)),"") -> Engineer | G14: C006 | H14: =IFERROR(INDEX(competency_model!$C$2:$C$25,MATCH(G14,competency_model!$A$2:$A$25,0)),"") -> PowerPoint Presentation | I14: =IFERROR(INDEX(competency_model!$D$2:$D$25,MATCH(G14,competency_model!$A$2:$A$25,0)),"") -> Leadership Storytelling | J14: =IFERROR(INDEX(competency_model!$F$2:$F$25,MATCH(G14,competency_model!$A$2:$A$25,0)),"") -> 3 | K14: =IFERROR(INDEX(competency_model!$G$2:$G$25,MATCH(G14,competency_model!$A$2:$A$25,0)),"") -> Medium | L14: 3 | M14: =MAX(0,J14-L14) -> 0 | N14: =IF(M14=0,"No Gap",IF(M14=1,"Minor",IF(M14=2,"Moderate","Critical"))) -> No Gap | O14: =IF(K14="High",3,IF(K14="Medium",2,1)) -> 2 | P14: =M14*O14 -> 0 | Q14: =IF(L14>=J14,"Ready","Development Needed") -> Ready | R14: Missing | S14: 46005.538 | T14: =TODAY()-S14 -> 196.46162 | U14: Manager | W14: =IF(R14="Missing","Missing evidence",IF(T14>365,"Stale assessment",IF(COUNTIFS($B$2:$B$264,B14,$G$2:$G$264,G14)>1,"Duplicate competency record",IF(INDEX(employees!$H$2:$H$37,MATCH(B14,employees!$A$2:$A$37,0))="Inactive","Inactive account","OK")))) -> Missing evidence
A15: A0014 | B15: E002 | C15: =IFERROR(INDEX(employees!$B$2:$B$37,MATCH(B15,employees!$A$2:$A$37,0)),"") -> Alex Shah | D15: =IFERROR(INDEX(employees!$C$2:$C$37,MATCH(B15,employees!$A$2:$A$37,0)),"") -> Systems Engineering | E15: =IFERROR(INDEX(employees!$D$2:$D$37,MATCH(B15,employees!$A$2:$A$37,0)),"") -> Data & Reporting | F15: =IFERROR(INDEX(employees!$E$2:$E$37,MATCH(B15,employees!$A$2:$A$37,0)),"") -> Engineer | G15: C022 | H15: =IFERROR(INDEX(competency_model!$C$2:$C$25,MATCH(G15,competency_model!$A$2:$A$25,0)),"") -> Tableau | I15: =IFERROR(INDEX(competency_model!$D$2:$D$25,MATCH(G15,competency_model!$A$2:$A$25,0)),"") -> Dashboard Filtering and Actions | J15: =IFERROR(INDEX(competency_model!$F$2:$F$25,MATCH(G15,competency_model!$A$2:$A$25,0)),"") -> 3 | K15: =IFERROR(INDEX(competency_model!$G$2:$G$25,MATCH(G15,competency_model!$A$2:$A$25,0)),"") -> Medium | L15: 3 | M15: =MAX(0,J15-L15) -> 0 | N15: =IF(M15=0,"No Gap",IF(M15=1,"Minor",IF(M15=2,"Moderate","Critical"))) -> No Gap | O15: =IF(K15="High",3,IF(K15="Medium",2,1)) -> 2 | P15: =M15*O15 -> 0 | Q15: =IF(L15>=J15,"Ready","Development Needed") -> Ready | R15: Missing | S15: 46134.595 | T15: =TODAY()-S15 -> 67.404606 | U15: System | W15: =IF(R15="Missing","Missing evidence",IF(T15>365,"Stale assessment",IF(COUNTIFS($B$2:$B$264,B15,$G$2:$G$264,G15)>1,"Duplicate competency record",IF(INDEX(employees!$H$2:$H$37,MATCH(B15,employees!$A$2:$A$37,0))="Inactive","Inactive account","OK")))) -> Missing evidence
A16: A0015 | B16: E002 | C16: =IFERROR(INDEX(employees!$B$2:$B$37,MATCH(B16,employees!$A$2:$A$37,0)),"") -> Alex Shah | D16: =IFERROR(INDEX(employees!$C$2:$C$37,MATCH(B16,employees!$A$2:$A$37,0)),"") -> Systems Engineering | E16: =IFERROR(INDEX(employees!$D$2:$D$37,MATCH(B16,employees!$A$2:$A$37,0)),"") -> Data & Reporting | F16: =IFERROR(INDEX(employees!$E$2:$E$37,MATCH(B16,employees!$A$2:$A$37,0)),"") -> Engineer | G16: C005 | H16: =IFERROR(INDEX(competency_model!$C$2:$C$25,MATCH(G16,competency_model!$A$2:$A$25,0)),"") -> Tableau | I16: =IFERROR(INDEX(competency_model!$D$2:$D$25,MATCH(G16,competency_model!$A$2:$A$25,0)),"") -> Tableau Dashboard Building | J16: =IFERROR(INDEX(competency_model!$F$2:$F$25,MATCH(G16,competency_model!$A$2:$A$25,0)),"") -> 3 | K16: =IFERROR(INDEX(competency_model!$G$2:$G$25,MATCH(G16,competency_model!$A$2:$A$25,0)),"") -> High | L16: 2 | M16: =MAX(0,J16-L16) -> 1 | N16: =IF(M16=0,"No Gap",IF(M16=1,"Minor",IF(M16=2,"Moderate","Critical"))) -> Minor | O16: =IF(K16="High",3,IF(K16="Medium",2,1)) -> 3 | P16: =M16*O16 -> 3 | Q16: =IF(L16>=J16,"Ready","Development Needed") -> Development Needed | R16: Verified | S16: 45988.594 | T16: =TODAY()-S16 -> 213.40571 | U16: System | V16: Ready for review | W16: =IF(R16="Missing","Missing evidence",IF(T16>365,"Stale assessment",IF(COUNTIFS($B$2:$B$264,B16,$G$2:$G$264,G16)>1,"Duplicate competency record",IF(INDEX(employees!$H$2:$H$37,MATCH(B16,employees!$A$2:$A$37,0))="Inactive","Inactive account","OK")))) -> OK
A17: A0016 | B17: E002 | C17: =IFERROR(INDEX(employees!$B$2:$B$37,MATCH(B17,employees!$A$2:$A$37,0)),"") -> Alex Shah | D17: =IFERROR(INDEX(employees!$C$2:$C$37,MATCH(B17,employees!$A$2:$A$37,0)),"") -> Systems Engineering | E17: =IFERROR(INDEX(employees!$D$2:$D$37,MATCH(B17,employees!$A$2:$A$37,0)),"") -> Data & Reporting | F17: =IFERROR(INDEX(employees!$E$2:$E$37,MATCH(B17,employees!$A$2:$A$37,0)),"") -> Engineer | G17: C001 | H17: =IFERROR(INDEX(competency_model!$C$2:$C$25,MATCH(G17,competency_model!$A$2:$A$25,0)),"") -> Data Analysis | I17: =IFERROR(INDEX(competency_model!$D$2:$D$25,MATCH(G17,competency_model!$A$2:$A$25,0)),"") -> Excel Data Cleaning | J17: =IFERROR(INDEX(competency_model!$F$2:$F$25,MATCH(G17,competency_model!$A$2:$A$25,0)),"") -> 4 | K17: =IFERROR(INDEX(competency_model!$G$2:$G$25,MATCH(G17,competency_model!$A$2:$A$25,0)),"") -> High | L17: 2 | M17: =MAX(0,J17-L17) -> 2 | N17: =IF(M17=0,"No Gap",IF(M17=1,"Minor",IF(M17=2,"Moderate","Critical"))) -> Moderate | O17: =IF(K17="High",3,IF(K17="Medium",2,1)) -> 3 | P17: =M17*O17 -> 6 | Q17: =IF(L17>=J17,"Ready","Development Needed") -> Development Needed | R17: Verified | S17: 46103.955 | T17: =TODAY()-S17 -> 98.045204 | U17: Manager | W17: =IF(R17="Missing","Missing evidence",IF(T17>365,"Stale assessment",IF(COUNTIFS($B$2:$B$264,B17,$G$2:$G$264,G17)>1,"Duplicate competency record",IF(INDEX(employees!$H$2:$H$37,MATCH(B17,employees!$A$2:$A$37,0))="Inactive","Inactive account","OK")))) -> OK
A18: A0017 | B18: E003 | C18: =IFERROR(INDEX(employees!$B$2:$B$37,MATCH(B18,employees!$A$2:$A$37,0)),"") -> Jamie Taylor | D18: =IFERROR(INDEX(employees!$C$2:$C$37,MATCH(B18,employees!$A$2:$A$37,0)),"") -> Asset Management | E18: =IFERROR(INDEX(employees!$D$2:$D$37,MATCH(B18,employees!$A$2:$A$37,0)),"") -> Systems Engineering | F18: =IFERROR(INDEX(employees!$E$2:$E$37,MATCH(B18,employees!$A$2:$A$37,0)),"") -> Engineer | G18: C012 | H18: =IFERROR(INDEX(competency_model!$C$2:$C$25,MATCH(G18,competency_model!$A$2:$A$25,0)),"") -> Safety / Compliance | I18: =IFERROR(INDEX(competency_model!$D$2:$D$25,MATCH(G18,competency_model!$A$2:$A$25,0)),"") -> Engineering Safety Awareness | J18: =IFERROR(INDEX(competency_model!$F$2:$F$25,MATCH(G18,competency_model!$A$2:$A$25,0)),"") -> 4 | K18: =IFERROR(INDEX(competency_model!$G$2:$G$25,MATCH(G18,competency_model!$A$2:$A$25,0)),"") -> High | L18: 4 | M18: =MAX(0,J18-L18) -> 0 | N18: =IF(M18=0,"No Gap",IF(M18=1,"Minor",IF(M18=2,"Moderate","Critical"))) -> No Gap | O18: =IF(K18="High",3,IF(K18="Medium",2,1)) -> 3 | P18: =M18*O18 -> 0 | Q18: =IF(L18>=J18,"Ready","Development Needed") -> Ready | R18: Verified | S18: 45764.867 | T18: =TODAY()-S18 -> 437.13319 | U18: Manager | W18: =IF(R18="Missing","Missing evidence",IF(T18>365,"Stale assessment",IF(COUNTIFS($B$2:$B$264,B18,$G$2:$G$264,G18)>1,"Duplicate competency record",IF(INDEX(employees!$H$2:$H$37,MATCH(B18,employees!$A$2:$A$37,0))="Inactive","Inactive account","OK")))) -> Stale assessment
A19: A0018 | B19: E003 | C19: =IFERROR(INDEX(employees!$B$2:$B$37,MATCH(B19,employees!$A$2:$A$37,0)),"") -> Jamie Taylor | D19: =IFERROR(INDEX(employees!$C$2:$C$37,MATCH(B19,employees!$A$2:$A$37,0)),"") -> Asset Management | E19: =IFERROR(INDEX(employees!$D$2:$D$37,MATCH(B19,employees!$A$2:$A$37,0)),"") -> Systems Engineering | F19: =IFERROR(INDEX(employees!$E$2:$E$37,MATCH(B19,employees!$A$2:$A$37,0)),"") -> Engineer | G19: C007 | H19: =IFERROR(INDEX(competency_model!$C$2:$C$25,MATCH(G19,competency_model!$A$2:$A$25,0)),"") -> Engineering Documentation | I19: =IFERROR(INDEX(competency_model!$D$2:$D$25,MATCH(G19,competency_model!$A$2:$A$25,0)),"") -> Technical Documentation | J19: =IFERROR(INDEX(competency_model!$F$2:$F$25,MATCH(G19,competency_model!$A$2:$A$25,0)),"") -> 4 | K19: =IFERROR(INDEX(competency_model!$G$2:$G$25,MATCH(G19,competency_model!$A$2:$A$25,0)),"") -> High | L19: 4 | M19: =MAX(0,J19-L19) -> 0 | N19: =IF(M19=0,"No Gap",IF(M19=1,"Minor",IF(M19=2,"Moderate","Critical"))) -> No Gap | O19: =IF(K19="High",3,IF(K19="Medium",2,1)) -> 3 | P19: =M19*O19 -> 0 | Q19: =IF(L19>=J19,"Ready","Development Needed") -> Ready | R19: Missing | S19: 45974.816 | T19: =TODAY()-S19 -> 227.18406 | U19: Manager | V19: Needs evidence upload | W19: =IF(R19="Missing","Missing evidence",IF(T19>365,"Stale assessment",IF(COUNTIFS($B$2:$B$264,B19,$G$2:$G$264,G19)>1,"Duplicate competency record",IF(INDEX(employees!$H$2:$H$37,MATCH(B19,employees!$A$2:$A$37,0))="Inactive","Inactive account","OK")))) -> Missing evidence
A20: A0019 | B20: E003 | C20: =IFERROR(INDEX(employees!$B$2:$B$37,MATCH(B20,employees!$A$2:$A$37,0)),"") -> Jamie Taylor | D20: =IFERROR(INDEX(employees!$C$2:$C$37,MATCH(B20,employees!$A$2:$A$37,0)),"") -> Asset Management | E20: =IFERROR(INDEX(employees!$D$2:$D$37,MATCH(B20,employees!$A$2:$A$37,0)),"") -> Systems Engineering | F20: =IFERROR(INDEX(employees!$E$2:$E$37,MATCH(B20,employees!$A$2:$A$37,0)),"") -> Engineer | G20: C014 | H20: =IFERROR(INDEX(competency_model!$C$2:$C$25,MATCH(G20,competency_model!$A$2:$A$25,0)),"") -> Stakeholder Communication | I20: =IFERROR(INDEX(competency_model!$D$2:$D$25,MATCH(G20,competency_model!$A$2:$A$25,0)),"") -> Cross-Functional Updates | J20: =IFERROR(INDEX(competency_model!$F$2:$F$25,MATCH(G20,competency_model!$A$2:$A$25,0)),"") -> 3 | K20: =IFERROR(INDEX(competency_model!$G$2:$G$25,MATCH(G20,competency_model!$A$2:$A$25,0)),"") -> Medium | L20: 1 | M20: =MAX(0,J20-L20) -> 2 | N20: =IF(M20=0,"No Gap",IF(M20=1,"Minor",IF(M20=2,"Moderate","Critical"))) -> Moderate | O20: =IF(K20="High",3,IF(K20="Medium",2,1)) -> 2 | P20: =M20*O20 -> 4 | Q20: =IF(L20>=J20,"Ready","Development Needed") -> Development Needed | R20: Missing | S20: 46036.758 | T20: =TODAY()-S20 -> 165.24207 | U20: Manager | W20: =IF(R20="Missing","Missing evidence",IF(T20>365,"Stale assessment",IF(COUNTIFS($B$2:$B$264,B20,$G$2:$G$264,G20)>1,"Duplicate competency record",IF(INDEX(employees!$H$2:$H$37,MATCH(B20,employees!$A$2:$A$37,0))="Inactive","Inactive account","OK")))) -> Missing evidence
A21: A0020 | B21: E003 | C21: =IFERROR(INDEX(employees!$B$2:$B$37,MATCH(B21,employees!$A$2:$A$37,0)),"") -> Jamie Taylor | D21: =IFERROR(INDEX(employees!$C$2:$C$37,MATCH(B21,employees!$A$2:$A$37,0)),"") -> Asset Management | E21: =IFERROR(INDEX(employees!$D$2:$D$37,MATCH(B21,employees!$A$2:$A$37,0)),"") -> Systems Engineering | F21: =IFERROR(INDEX(employees!$E$2:$E$37,MATCH(B21,employees!$A$2:$A$37,0)),"") -> Engineer | G21: C024 | H21: =IFERROR(INDEX(competency_model!$C$2:$C$25,MATCH(G21,competency_model!$A$2:$A$25,0)),"") -> Asset Management | I21: =IFERROR(INDEX(competency_model!$D$2:$D$25,MATCH(G21,competency_model!$A$2:$A$25,0)),"") -> Engineering Performance Indicators | J21: =IFERROR(INDEX(competency_model!$F$2:$F$25,MATCH(G21,competency_model!$A$2:$A$25,0)),"") -> 3 | K21: =IFERROR(INDEX(competency_model!$G$2:$G$25,MATCH(G21,competency_model!$A$2:$A$25,0)),"") -> High | L21: 1 | M21: =MAX(0,J21-L21) -> 2 | N21: =IF(M21=0,"No Gap",IF(M21=1,"Minor",IF(M21=2,"Moderate","Critical"))) -> Moderate | O21: =IF(K21="High",3,IF(K21="Medium",2,1)) -> 3 | P21: =M21*O21 -> 6 | Q21: =IF(L21>=J21,"Ready","Development Needed") -> Development Needed | R21: Verified | S21: 46064.115 | T21: =TODAY()-S21 -> 137.88545 | U21: Manager | V21: Needs practical project evidence | W21: =IF(R21="Missing","Missing evidence",IF(T21>365,"Stale assessment",IF(COUNTIFS($B$2:$B$264,B21,$G$2:$G$264,G21)>1,"Duplicate competency record",IF(INDEX(employees!$H$2:$H$37,MATCH(B21,employees!$A$2:$A$37,0))="Inactive","Inactive account","OK")))) -> OK
A22: A0021 | B22: E003 | C22: =IFERROR(INDEX(employees!$B$2:$B$37,MATCH(B22,employees!$A$2:$A$37,0)),"") -> Jamie Taylor | D22: =IFERROR(INDEX(employees!$C$2:$C$37,MATCH(B22,employees!$A$2:$A$37,0)),"") -> Asset Management | E22: =IFERROR(INDEX(employees!$D$2:$D$37,MATCH(B22,employees!$A$2:$A$37,0)),"") -> Systems Engineering | F22: =IFERROR(INDEX(employees!$E$2:$E$37,MATCH(B22,employees!$A$2:$A$37,0)),"") -> Engineer | G22: C020 | H22: =IFERROR(INDEX(competency_model!$C$2:$C$25,MATCH(G22,competency_model!$A$2:$A$25,0)),"") -> User Support | I22: =IFERROR(INDEX(competency_model!$D$2:$D$25,MATCH(G22,competency_model!$A$2:$A$25,0)),"") -> Competency Tool User Support | J22: =IFERROR(INDEX(competency_model!$F$2:$F$25,MATCH(G22,competency_model!$A$2:$A$25,0)),"") -> 3 | K22: =IFERROR(INDEX(competency_model!$G$2:$G$25,MATCH(G22,competency_model!$A$2:$A$25,0)),"") -> Medium | L22: 1 | M22: =MAX(0,J22-L22) -> 2 | N22: =IF(M22=0,"No Gap",IF(M22=1,"Minor",IF(M22=2,"Moderate","Critical"))) -> Moderate | O22: =IF(K22="High",3,IF(K22="Medium",2,1)) -> 2 | P22: =M22*O22 -> 4 | Q22: =IF(L22>=J22,"Ready","Development Needed") -> Development Needed | R22: Verified | S22: 46050.805 | T22: =TODAY()-S22 -> 151.19505 | U22: Manager | W22: =IF(R22="Missing","Missing evidence",IF(T22>365,"Stale assessment",IF(COUNTIFS($B$2:$B$264,B22,$G$2:$G$264,G22)>1,"Duplicate competency record",IF(INDEX(employees!$H$2:$H$37,MATCH(B22,employees!$A$2:$A$37,0))="Inactive","Inactive account","OK")))) -> OK
A23: A0022 | B23: E003 | C23: =IFERROR(INDEX(employees!$B$2:$B$37,MATCH(B23,employees!$A$2:$A$37,0)),"") -> Jamie Taylor | D23: =IFERROR(INDEX(employees!$C$2:$C$37,MATCH(B23,employees!$A$2:$A$37,0)),"") -> Asset Management | E23: =IFERROR(INDEX(employees!$D$2:$D$37,MATCH(B23,employees!$A$2:$A$37,0)),"") -> Systems Engineering | F23: =IFERROR(INDEX(employees!$E$2:$E$37,MATCH(B23,employees!$A$2:$A$37,0)),"") -> Engineer | G23: C013 | H23: =IFERROR(INDEX(competency_model!$C$2:$C$25,MATCH(G23,competency_model!$A$2:$A$25,0)),"") -> Stakeholder Communication | I23: =IFERROR(INDEX(competency_model!$D$2:$D$25,MATCH(G23,competency_model!$A$2:$A$25,0)),"") -> Non-Technical Explanation | J23: =IFERROR(INDEX(competency_model!$F$2:$F$25,MATCH(G23,competency_model!$A$2:$A$25,0)),"") -> 3 | K23: =IFERROR(INDEX(competency_model!$G$2:$G$25,MATCH(G23,competency_model!$A$2:$A$25,0)),"") -> Medium | L23: 3 | M23: =MAX(0,J23-L23) -> 0 | N23: =IF(M23=0,"No Gap",IF(M23=1,"Minor",IF(M23=2,"Moderate","Critical"))) -> No Gap | O23: =IF(K23="High",3,IF(K23="Medium",2,1)) -> 2 | P23: =M23*O23 -> 0 | Q23: =IF(L23>=J23,"Ready","Development Needed") -> Ready | R23: Partial | S23: 46098.117 | T23: =TODAY()-S23 -> 103.8827 | U23: Self | V23: Ready for review | W23: =IF(R23="Missing","Missing evidence",IF(T23>365,"Stale assessment",IF(COUNTIFS($B$2:$B$264,B23,$G$2:$G$264,G23)>1,"Duplicate competency record",IF(INDEX(employees!$H$2:$H$37,MATCH(B23,employees!$A$2:$A$37,0))="Inactive","Inactive account","OK")))) -> OK
A24: A0023 | B24: E003 | C24: =IFERROR(INDEX(employees!$B$2:$B$37,MATCH(B24,employees!$A$2:$A$37,0)),"") -> Jamie Taylor | D24: =IFERROR(INDEX(employees!$C$2:$C$37,MATCH(B24,employees!$A$2:$A$37,0)),"") -> Asset Management | E24: =IFERROR(INDEX(employees!$D$2:$D$37,MATCH(B24,employees!$A$2:$A$37,0)),"") -> Systems Engineering | F24: =IFERROR(INDEX(employees!$E$2:$E$37,MATCH(B24,employees!$A$2:$A$37,0)),"") -> Engineer | G24: C006 | H24: =IFERROR(INDEX(competency_model!$C$2:$C$25,MATCH(G24,competency_model!$A$2:$A$25,0)),"") -> PowerPoint Presentation | I24: =IFERROR(INDEX(competency_model!$D$2:$D$25,MATCH(G24,competency_model!$A$2:$A$25,0)),"") -> Leadership Storytelling | J24: =IFERROR(INDEX(competency_model!$F$2:$F$25,MATCH(G24,competency_model!$A$2:$A$25,0)),"") -> 3 | K24: =IFERROR(INDEX(competency_model!$G$2:$G$25,MATCH(G24,competency_model!$A$2:$A$25,0)),"") -> Medium | L24: 2 | M24: =MAX(0,J24-L24) -> 1 | N24: =IF(M24=0,"No Gap",IF(M24=1,"Minor",IF(M24=2,"Moderate","Critical"))) -> Minor | O24: =IF(K24="High",3,IF(K24="Medium",2,1)) -> 2 | P24: =M24*O24 -> 2 | Q24: =IF(L24>=J24,"Ready","Development Needed") -> Development Needed | R24: Verified | S24: 45778.006 | T24: =TODAY()-S24 -> 423.99438 | U24: Manager | V24: Ready for review | W24: =IF(R24="Missing","Missing evidence",IF(T24>365,"Stale assessment",IF(COUNTIFS($B$2:$B$264,B24,$G$2:$G$264,G24)>1,"Duplicate competency record",IF(INDEX(employees!$H$2:$H$37,MATCH(B24,employees!$A$2:$A$37,0))="Inactive","Inactive account","OK")))) -> Stale assessment
A25: A0024 | B25: E004 | C25: =IFERROR(INDEX(employees!$B$2:$B$37,MATCH(B25,employees!$A$2:$A$37,0)),"") -> Riley Chen | D25: =IFERROR(INDEX(employees!$C$2:$C$37,MATCH(B25,employees!$A$2:$A$37,0)),"") -> Protection & Control | E25: =IFERROR(INDEX(employees!$D$2:$D$37,MATCH(B25,employees!$A$2:$A$37,0)),"") -> Engineering Management | F25: =IFERROR(INDEX(employees!$E$2:$E$37,MATCH(B25,employees!$A$2:$A$37,0)),"") -> Engineer | G25: C020 | H25: =IFERROR(INDEX(competency_model!$C$2:$C$25,MATCH(G25,competency_model!$A$2:$A$25,0)),"") -> User Support | I25: =IFERROR(INDEX(competency_model!$D$2:$D$25,MATCH(G25,competency_model!$A$2:$A$25,0)),"") -> Competency Tool User Support | J25: =IFERROR(INDEX(competency_model!$F$2:$F$25,MATCH(G25,competency_model!$A$2:$A$25,0)),"") -> 3 | K25: =IFERROR(INDEX(competency_model!$G$2:$G$25,MATCH(G25,competency_model!$A$2:$A$25,0)),"") -> Medium | L25: 1 | M25: =MAX(0,J25-L25) -> 2 | N25: =IF(M25=0,"No Gap",IF(M25=1,"Minor",IF(M25=2,"Moderate","Critical"))) -> Moderate | O25: =IF(K25="High",3,IF(K25="Medium",2,1)) -> 2 | P25: =M25*O25 -> 4 | Q25: =IF(L25>=J25,"Ready","Development Needed") -> Development Needed | R25: Verified | S25: 45676.128 | T25: =TODAY()-S25 -> 525.87174 | U25: Self | V25: Needs practical project evidence | W25: =IF(R25="Missing","Missing evidence",IF(T25>365,"Stale assessment",IF(COUNTIFS($B$2:$B$264,B25,$G$2:$G$264,G25)>1,"Duplicate competency record",IF(INDEX(employees!$H$2:$H$37,MATCH(B25,employees!$A$2:$A$37,0))="Inactive","Inactive account","OK")))) -> Stale assessment
A26: A0025 | B26: E004 | C26: =IFERROR(INDEX(employees!$B$2:$B$37,MATCH(B26,employees!$A$2:$A$37,0)),"") -> Riley Chen | D26: =IFERROR(INDEX(employees!$C$2:$C$37,MATCH(B26,employees!$A$2:$A$37,0)),"") -> Protection & Control | E26: =IFERROR(INDEX(employees!$D$2:$D$37,MATCH(B26,employees!$A$2:$A$37,0)),"") -> Engineering Management | F26: =IFERROR(INDEX(employees!$E$2:$E$37,MATCH(B26,employees!$A$2:$A$37,0)),"") -> Engineer | G26: C013 | H26: =IFERROR(INDEX(competency_model!$C$2:$C$25,MATCH(G26,competency_model!$A$2:$A$25,0)),"") -> Stakeholder Communication | I26: =IFERROR(INDEX(competency_model!$D$2:$D$25,MATCH(G26,competency_model!$A$2:$A$25,0)),"") -> Non-Technical Explanation | J26: =IFERROR(INDEX(competency_model!$F$2:$F$25,MATCH(G26,competency_model!$A$2:$A$25,0)),"") -> 3 | K26: =IFERROR(INDEX(competency_model!$G$2:$G$25,MATCH(G26,competency_model!$A$2:$A$25,0)),"") -> Medium | L26: 1 | M26: =MAX(0,J26-L26) -> 2 | N26: =IF(M26=0,"No Gap",IF(M26=1,"Minor",IF(M26=2,"Moderate","Critical"))) -> Moderate | O26: =IF(K26="High",3,IF(K26="Medium",2,1)) -> 2 | P26: =M26*O26 -> 4 | Q26: =IF(L26>=J26,"Ready","Development Needed") -> Development Needed | R26: Verified | S26: 45695.497 | T26: =TODAY()-S26 -> 506.5028 | U26: System | V26: Needs evidence upload | W26: =IF(R26="Missing","Missing evidence",IF(T26>365,"Stale assessment",IF(COUNTIFS($B$2:$B$264,B26,$G$2:$G$264,G26)>1,"Duplicate competency record",IF(INDEX(employees!$H$2:$H$37,MATCH(B26,employees!$A$2:$A$37,0))="Inactive","Inactive account","OK")))) -> Stale assessment
A27: A0026 | B27: E004 | C27: =IFERROR(INDEX(employees!$B$2:$B$37,MATCH(B27,employees!$A$2:$A$37,0)),"") -> Riley Chen | D27: =IFERROR(INDEX(employees!$C$2:$C$37,MATCH(B27,employees!$A$2:$A$37,0)),"") -> Protection & Control | E27: =IFERROR(INDEX(employees!$D$2:$D$37,MATCH(B27,employees!$A$2:$A$37,0)),"") -> Engineering Management | F27: =IFERROR(INDEX(employees!$E$2:$E$37,MATCH(B27,employees!$A$2:$A$37,0)),"") -> Engineer | G27: C004 | H27: =IFERROR(INDEX(competency_model!$C$2:$C$25,MATCH(G27,competency_model!$A$2:$A$25,0)),"") -> Excel Reporting | I27: =IFERROR(INDEX(competency_model!$D$2:$D$25,MATCH(G27,competency_model!$A$2:$A$25,0)),"") -> PivotTables and Power Query | J27: =IFERROR(INDEX(competency_model!$F$2:$F$25,MATCH(G27,competency_model!$A$2:$A$25,0)),"") -> 4 | K27: =IFERROR(INDEX(competency_model!$G$2:$G$25,MATCH(G27,competency_model!$A$2:$A$25,0)),"") -> High | L27: 4 | M27: =MAX(0,J27-L27) -> 0 | N27: =IF(M27=0,"No Gap",IF(M27=1,"Minor",IF(M27=2,"Moderate","Critical"))) -> No Gap | O27: =IF(K27="High",3,IF(K27="Medium",2,1)) -> 3 | P27: =M27*O27 -> 0 | Q27: =IF(L27>=J27,"Ready","Development Needed") -> Ready | R27: Verified | S27: 46088.63 | T27: =TODAY()-S27 -> 113.37041 | U27: System | V27: Ready for review | W27: =IF(R27="Missing","Missing evidence",IF(T27>365,"Stale assessment",IF(COUNTIFS($B$2:$B$264,B27,$G$2:$G$264,G27)>1,"Duplicate competency record",IF(INDEX(employees!$H$2:$H$37,MATCH(B27,employees!$A$2:$A$37,0))="Inactive","Inactive account","OK")))) -> OK
A28: A0027 | B28: E004 | C28: =IFERROR(INDEX(employees!$B$2:$B$37,MATCH(B28,employees!$A$2:$A$37,0)),"") -> Riley Chen | D28: =IFERROR(INDEX(employees!$C$2:$C$37,MATCH(B28,employees!$A$2:$A$37,0)),"") -> Protection & Control | E28: =IFERROR(INDEX(employees!$D$2:$D$37,MATCH(B28,employees!$A$2:$A$37,0)),"") -> Engineering Management | F28: =IFERROR(INDEX(employees!$E$2:$E$37,MATCH(B28,employees!$A$2:$A$37,0)),"") -> Engineer | G28: C014 | H28: =IFERROR(INDEX(competency_model!$C$2:$C$25,MATCH(G28,competency_model!$A$2:$A$25,0)),"") -> Stakeholder Communication | I28: =IFERROR(INDEX(competency_model!$D$2:$D$25,MATCH(G28,competency_model!$A$2:$A$25,0)),"") -> Cross-Functional Updates | J28: =IFERROR(INDEX(competency_model!$F$2:$F$25,MATCH(G28,competency_model!$A$2:$A$25,0)),"") -> 3 | K28: =IFERROR(INDEX(competency_model!$G$2:$G$25,MATCH(G28,competency_model!$A$2:$A$25,0)),"") -> Medium | L28: 1 | M28: =MAX(0,J28-L28) -> 2 | N28: =IF(M28=0,"No Gap",IF(M28=1,"Minor",IF(M28=2,"Moderate","Critical"))) -> Moderate | O28: =IF(K28="High",3,IF(K28="Medium",2,1)) -> 2 | P28: =M28*O28 -> 4 | Q28: =IF(L28>=J28,"Ready","Development Needed") -> Development Needed | R28: Verified | S28: 46079.027 | T28: =TODAY()-S28 -> 122.97259 | U28: Manager | V28: Discuss training route with leader | W28: =IF(R28="Missing","Missing evidence",IF(T28>365,"Stale assessment",IF(COUNTIFS($B$2:$B$264,B28,$G$2:$G$264,G28)>1,"Duplicate competency record",IF(INDEX(employees!$H$2:$H$37,MATCH(B28,employees!$A$2:$A$37,0))="Inactive","Inactive account","OK")))) -> OK
A29: A0028 | B29: E004 | C29: =IFERROR(INDEX(employees!$B$2:$B$37,MATCH(B29,employees!$A$2:$A$37,0)),"") -> Riley Chen | D29: =IFERROR(INDEX(employees!$C$2:$C$37,MATCH(B29,employees!$A$2:$A$37,0)),"") -> Protection & Control | E29: =IFERROR(INDEX(employees!$D$2:$D$37,MATCH(B29,employees!$A$2:$A$37,0)),"") -> Engineering Management | F29: =IFERROR(INDEX(employees!$E$2:$E$37,MATCH(B29,employees!$A$2:$A$37,0)),"") -> Engineer | G29: C007 | H29: =IFERROR(INDEX(competency_model!$C$2:$C$25,MATCH(G29,competency_model!$A$2:$A$25,0)),"") -> Engineering Documentation | I29: =IFERROR(INDEX(competency_model!$D$2:$D$25,MATCH(G29,competency_model!$A$2:$A$25,0)),"") -> Technical Documentation | J29: =IFERROR(INDEX(competency_model!$F$2:$F$25,MATCH(G29,competency_model!$A$2:$A$25,0)),"") -> 4 | K29: =IFERROR(INDEX(competency_model!$G$2:$G$25,MATCH(G29,competency_model!$A$2:$A$25,0)),"") -> High | L29: 1 | M29: =MAX(0,J29-L29) -> 3 | N29: =IF(M29=0,"No Gap",IF(M29=1,"Minor",IF(M29=2,"Moderate","Critical"))) -> Critical | O29: =IF(K29="High",3,IF(K29="Medium",2,1)) -> 3 | P29: =M29*O29 -> 9 | Q29: =IF(L29>=J29,"Ready","Development Needed") -> Development Needed | R29: Verified | S29: 46066.991 | T29: =TODAY()-S29 -> 135.00887 | U29: Manager | V29: Ready for review | W29: =IF(R29="Missing","Missing evidence",IF(T29>365,"Stale assessment",IF(COUNTIFS($B$2:$B$264,B29,$G$2:$G$264,G29)>1,"Duplicate competency record",IF(INDEX(employees!$H$2:$H$37,MATCH(B29,employees!$A$2:$A$37,0))="Inactive","Inactive account","OK")))) -> OK
A30: A0029 | B30: E004 | C30: =IFERROR(INDEX(employees!$B$2:$B$37,MATCH(B30,employees!$A$2:$A$37,0)),"") -> Riley Chen | D30: =IFERROR(INDEX(employees!$C$2:$C$37,MATCH(B30,employees!$A$2:$A$37,0)),"") -> Protection & Control | E30: =IFERROR(INDEX(employees!$D$2:$D$37,MATCH(B30,employees!$A$2:$A$37,0)),"") -> Engineering Management | F30: =IFERROR(INDEX(employees!$E$2:$E$37,MATCH(B30,employees!$A$2:$A$37,0)),"") -> Engineer | G30: C006 | H30: =IFERROR(INDEX(competency_model!$C$2:$C$25,MATCH(G30,competency_model!$A$2:$A$25,0)),"") -> PowerPoint Presentation | I30: =IFERROR(INDEX(competency_model!$D$2:$D$25,MATCH(G30,competency_model!$A$2:$A$25,0)),"") -> Leadership Storytelling | J30: =IFERROR(INDEX(competency_model!$F$2:$F$25,MATCH(G30,competency_model!$A$2:$A$25,0)),"") -> 3 | K30: =IFERROR(INDEX(competency_model!$G$2:$G$25,MATCH(G30,competency_model!$A$2:$A$25,0)),"") -> Medium | L30: 2 | M30: =MAX(0,J30-L30) -> 1 | N30: =IF(M30=0,"No Gap",IF(M30=1,"Minor",IF(M30=2,"Moderate","Critical"))) -> Minor | O30: =IF(K30="High",3,IF(K30="Medium",2,1)) -> 2 | P30: =M30*O30 -> 2 | Q30: =IF(L30>=J30,"Ready","Development Needed") -> Development Needed | R30: Partial | S30: 46101.762 | T30: =TODAY()-S30 -> 100.23822 | U30: Self | V30: Needs practical project evidence | W30: =IF(R30="Missing","Missing evidence",IF(T30>365,"Stale assessment",IF(COUNTIFS($B$2:$B$264,B30,$G$2:$G$264,G30)>1,"Duplicate competency record",IF(INDEX(employees!$H$2:$H$37,MATCH(B30,employees!$A$2:$A$37,0))="Inactive","Inactive account","OK")))) -> Duplicate competency record
A31: A0030 | B31: E004 | C31: =IFERROR(INDEX(employees!$B$2:$B$37,MATCH(B31,employees!$A$2:$A$37,0)),"") -> Riley Chen | D31: =IFERROR(INDEX(employees!$C$2:$C$37,MATCH(B31,employees!$A$2:$A$37,0)),"") -> Protection & Control | E31: =IFERROR(INDEX(employees!$D$2:$D$37,MATCH(B31,employees!$A$2:$A$37,0)),"") -> Engineering Management | F31: =IFERROR(INDEX(employees!$E$2:$E$37,MATCH(B31,employees!$A$2:$A$37,0)),"") -> Engineer | G31: C023 | H31: =IFERROR(INDEX(competency_model!$C$2:$C$25,MATCH(G31,competency_model!$A$2:$A$25,0)),"") -> PowerPoint Presentation | I31: =IFERROR(INDEX(competency_model!$D$2:$D$25,MATCH(G31,competency_model!$A$2:$A$25,0)),"") -> Executive Summary Slides | J31: =IFERROR(INDEX(competency_model!$F$2:$F$25,MATCH(G31,competency_model!$A$2:$A$25,0)),"") -> 3 | K31: =IFERROR(INDEX(competency_model!$G$2:$G$25,MATCH(G31,competency_model!$A$2:$A$25,0)),"") -> Medium | L31: 2 | M31: =MAX(0,J31-L31) -> 1 | N31: =IF(M31=0,"No Gap",IF(M31=1,"Minor",IF(M31=2,"Moderate","Critical"))) -> Minor | O31: =IF(K31="High",3,IF(K31="Medium",2,1)) -> 2 | P31: =M31*O31 -> 2 | Q31: =IF(L31>=J31,"Ready","Development Needed") -> Development Needed | R31: Missing | S31: 45968.813 | T31: =TODAY()-S31 -> 233.1867 | U31: System | W31: =IF(R31="Missing","Missing evidence",IF(T31>365,"Stale assessment",IF(COUNTIFS($B$2:$B$264,B31,$G$2:$G$264,G31)>1,"Duplicate competency record",IF(INDEX(employees!$H$2:$H$37,MATCH(B31,employees!$A$2:$A$37,0))="Inactive","Inactive account","OK")))) -> Missing evidence
A32: A0031 | B32: E004 | C32: =IFERROR(INDEX(employees!$B$2:$B$37,MATCH(B32,employees!$A$2:$A$37,0)),"") -> Riley Chen | D32: =IFERROR(INDEX(employees!$C$2:$C$37,MATCH(B32,employees!$A$2:$A$37,0)),"") -> Protection & Control | E32: =IFERROR(INDEX(employees!$D$2:$D$37,MATCH(B32,employees!$A$2:$A$37,0)),"") -> Engineering Management | F32: =IFERROR(INDEX(employees!$E$2:$E$37,MATCH(B32,employees!$A$2:$A$37,0)),"") -> Engineer | G32: C019 | H32: =IFERROR(INDEX(competency_model!$C$2:$C$25,MATCH(G32,competency_model!$A$2:$A$25,0)),"") -> Competency Systems | I32: =IFERROR(INDEX(competency_model!$D$2:$D$25,MATCH(G32,competency_model!$A$2:$A$25,0)),"") -> Competency Model Maintenance | J32: =IFERROR(INDEX(competency_model!$F$2:$F$25,MATCH(G32,competency_model!$A$2:$A$25,0)),"") -> 3 | K32: =IFERROR(INDEX(competency_model!$G$2:$G$25,MATCH(G32,competency_model!$A$2:$A$25,0)),"") -> High | L32: 3 | M32: =MAX(0,J32-L32) -> 0 | N32: =IF(M32=0,"No Gap",IF(M32=1,"Minor",IF(M32=2,"Moderate","Critical"))) -> No Gap | O32: =IF(K32="High",3,IF(K32="Medium",2,1)) -> 3 | P32: =M32*O32 -> 0 | Q32: =IF(L32>=J32,"Ready","Development Needed") -> Ready | R32: Missing | S32: 45982.961 | T32: =TODAY()-S32 -> 219.0393 | U32: Manager | V32: Needs evidence upload | W32: =IF(R32="Missing","Missing evidence",IF(T32>365,"Stale assessment",IF(COUNTIFS($B$2:$B$264,B32,$G$2:$G$264,G32)>1,"Duplicate competency record",IF(INDEX(employees!$H$2:$H$37,MATCH(B32,employees!$A$2:$A$37,0))="Inactive","Inactive account","OK")))) -> Missing evidence
A33: A0032 | B33: E005 | C33: =IFERROR(INDEX(employees!$B$2:$B$37,MATCH(B33,employees!$A$2:$A$37,0)),"") -> Jamie Williams | D33: =IFERROR(INDEX(employees!$C$2:$C$37,MATCH(B33,employees!$A$2:$A$37,0)),"") -> Systems Engineering | E33: =IFERROR(INDEX(employees!$D$2:$D$37,MATCH(B33,employees!$A$2:$A$37,0)),"") -> Testing & Validation | F33: =IFERROR(INDEX(employees!$E$2:$E$37,MATCH(B33,employees!$A$2:$A$37,0)),"") -> Senior Engineer | G33: C018 | H33: =IFERROR(INDEX(competency_model!$C$2:$C$25,MATCH(G33,competency_model!$A$2:$A$25,0)),"") -> Data Quality | I33: =IFERROR(INDEX(competency_model!$D$2:$D$25,MATCH(G33,competency_model!$A$2:$A$25,0)),"") -> Assessment Evidence Validation | J33: =IFERROR(INDEX(competency_model!$F$2:$F$25,MATCH(G33,competency_model!$A$2:$A$25,0)),"") -> 4 | K33: =IFERROR(INDEX(competency_model!$G$2:$G$25,MATCH(G33,competency_model!$A$2:$A$25,0)),"") -> High | L33: 4 | M33: =MAX(0,J33-L33) -> 0 | N33: =IF(M33=0,"No Gap",IF(M33=1,"Minor",IF(M33=2,"Moderate","Critical"))) -> No Gap | O33: =IF(K33="High",3,IF(K33="Medium",2,1)) -> 3 | P33: =M33*O33 -> 0 | Q33: =IF(L33>=J33,"Ready","Development Needed") -> Ready | R33: Partial | S33: 46035.805 | T33: =TODAY()-S33 -> 166.19521 | U33: Manager | W33: =IF(R33="Missing","Missing evidence",IF(T33>365,"Stale assessment",IF(COUNTIFS($B$2:$B$264,B33,$G$2:$G$264,G33)>1,"Duplicate competency record",IF(INDEX(employees!$H$2:$H$37,MATCH(B33,employees!$A$2:$A$37,0))="Inactive","Inactive account","OK")))) -> OK
A34: A0033 | B34: E005 | C34: =IFERROR(INDEX(employees!$B$2:$B$37,MATCH(B34,employees!$A$2:$A$37,0)),"") -> Jamie Williams | D34: =IFERROR(INDEX(employees!$C$2:$C$37,MATCH(B34,employees!$A$2:$A$37,0)),"") -> Systems Engineering | E34: =IFERROR(INDEX(employees!$D$2:$D$37,MATCH(B34,employees!$A$2:$A$37,0)),"") -> Testing & Validation | F34: =IFERROR(INDEX(employees!$E$2:$E$37,MATCH(B34,employees!$A$2:$A$37,0)),"") -> Senior Engineer | G34: C012 | H34: =IFERROR(INDEX(competency_model!$C$2:$C$25,MATCH(G34,competency_model!$A$2:$A$25,0)),"") -> Safety / Compliance | I34: =IFERROR(INDEX(competency_model!$D$2:$D$25,MATCH(G34,competency_model!$A$2:$A$25,0)),"") -> Engineering Safety Awareness | J34: =IFERROR(INDEX(competency_model!$F$2:$F$25,MATCH(G34,competency_model!$A$2:$A$25,0)),"") -> 4 | K34: =IFERROR(INDEX(competency_model!$G$2:$G$25,MATCH(G34,competency_model!$A$2:$A$25,0)),"") -> High | L34: 2 | M34: =MAX(0,J34-L34) -> 2 | N34: =IF(M34=0,"No Gap",IF(M34=1,"Minor",IF(M34=2,"Moderate","Critical"))) -> Moderate | O34: =IF(K34="High",3,IF(K34="Medium",2,1)) -> 3 | P34: =M34*O34 -> 6 | Q34: =IF(L34>=J34,"Ready","Development Needed") -> Development Needed | R34: Verified | S34: 46097.815 | T34: =TODAY()-S34 -> 104.18508 | U34: System | V34: Needs practical project evidence | W34: =IF(R34="Missing","Missing evidence",IF(T34>365,"Stale assessment",IF(COUNTIFS($B$2:$B$264,B34,$G$2:$G$264,G34)>1,"Duplicate competency record",IF(INDEX(employees!$H$2:$H$37,MATCH(B34,employees!$A$2:$A$37,0))="Inactive","Inactive account","OK")))) -> OK
A35: A0034 | B35: E005 | C35: =IFERROR(INDEX(employees!$B$2:$B$37,MATCH(B35,employees!$A$2:$A$37,0)),"") -> Jamie Williams | D35: =IFERROR(INDEX(employees!$C$2:$C$37,MATCH(B35,employees!$A$2:$A$37,0)),"") -> Systems Engineering | E35: =IFERROR(INDEX(employees!$D$2:$D$37,MATCH(B35,employees!$A$2:$A$37,0)),"") -> Testing & Validation | F35: =IFERROR(INDEX(employees!$E$2:$E$37,MATCH(B35,employees!$A$2:$A$37,0)),"") -> Senior Engineer | G35: C004 | H35: =IFERROR(INDEX(competency_model!$C$2:$C$25,MATCH(G35,competency_model!$A$2:$A$25,0)),"") -> Excel Reporting | I35: =IFERROR(INDEX(competency_model!$D$2:$D$25,MATCH(G35,competency_model!$A$2:$A$25,0)),"") -> PivotTables and Power Query | J35: =IFERROR(INDEX(competency_model!$F$2:$F$25,MATCH(G35,competency_model!$A$2:$A$25,0)),"") -> 4 | K35: =IFERROR(INDEX(competency_model!$G$2:$G$25,MATCH(G35,competency_model!$A$2:$A$25,0)),"") -> High | L35: 1 | M35: =MAX(0,J35-L35) -> 3 | N35: =IF(M35=0,"No Gap",IF(M35=1,"Minor",IF(M35=2,"Moderate","Critical"))) -> Critical | O35: =IF(K35="High",3,IF(K35="Medium",2,1)) -> 3 | P35: =M35*O35 -> 9 | Q35: =IF(L35>=J35,"Ready","Development Needed") -> Development Needed | R35: Verified | S35: 46114.539 | T35: =TODAY()-S35 -> 87.461069 | U35: System | V35: Needs evidence upload | W35: =IF(R35="Missing","Missing evidence",IF(T35>365,"Stale assessment",IF(COUNTIFS($B$2:$B$264,B35,$G$2:$G$264,G35)>1,"Duplicate competency record",IF(INDEX(employees!$H$2:$H$37,MATCH(B35,employees!$A$2:$A$37,0))="Inactive","Inactive account","OK")))) -> OK
A36: A0035 | B36: E005 | C36: =IFERROR(INDEX(employees!$B$2:$B$37,MATCH(B36,employees!$A$2:$A$37,0)),"") -> Jamie Williams | D36: =IFERROR(INDEX(employees!$C$2:$C$37,MATCH(B36,employees!$A$2:$A$37,0)),"") -> Systems Engineering | E36: =IFERROR(INDEX(employees!$D$2:$D$37,MATCH(B36,employees!$A$2:$A$37,0)),"") -> Testing & Validation | F36: =IFERROR(INDEX(employees!$E$2:$E$37,MATCH(B36,employees!$A$2:$A$37,0)),"") -> Senior Engineer | G36: C017 | H36: =IFERROR(INDEX(competency_model!$C$2:$C$25,MATCH(G36,competency_model!$A$2:$A$25,0)),"") -> Data Quality | I36: =IFERROR(INDEX(competency_model!$D$2:$D$25,MATCH(G36,competency_model!$A$2:$A$25,0)),"") -> Duplicate and Missing Value Checks | J36: =IFERROR(INDEX(competency_model!$F$2:$F$25,MATCH(G36,competency_model!$A$2:$A$25,0)),"") -> 4 | K36: =IFERROR(INDEX(competency_model!$G$2:$G$25,MATCH(G36,competency_model!$A$2:$A$25,0)),"") -> High | L36: 4 | M36: =MAX(0,J36-L36) -> 0 | N36: =IF(M36=0,"No Gap",IF(M36=1,"Minor",IF(M36=2,"Moderate","Critical"))) -> No Gap | O36: =IF(K36="High",3,IF(K36="Medium",2,1)) -> 3 | P36: =M36*O36 -> 0 | Q36: =IF(L36>=J36,"Ready","Development Needed") -> Ready | R36: Verified | S36: 46017.392 | T36: =TODAY()-S36 -> 184.60828 | U36: Manager | V36: Needs evidence upload | W36: =IF(R36="Missing","Missing evidence",IF(T36>365,"Stale assessment",IF(COUNTIFS($B$2:$B$264,B36,$G$2:$G$264,G36)>1,"Duplicate competency record",IF(INDEX(employees!$H$2:$H$37,MATCH(B36,employees!$A$2:$A$37,0))="Inactive","Inactive account","OK")))) -> OK
A37: A0036 | B37: E005 | C37: =IFERROR(INDEX(employees!$B$2:$B$37,MATCH(B37,employees!$A$2:$A$37,0)),"") -> Jamie Williams | D37: =IFERROR(INDEX(employees!$C$2:$C$37,MATCH(B37,employees!$A$2:$A$37,0)),"") -> Systems Engineering | E37: =IFERROR(INDEX(employees!$D$2:$D$37,MATCH(B37,employees!$A$2:$A$37,0)),"") -> Testing & Validation | F37: =IFERROR(INDEX(employees!$E$2:$E$37,MATCH(B37,employees!$A$2:$A$37,0)),"") -> Senior Engineer | G37: C020 | H37: =IFERROR(INDEX(competency_model!$C$2:$C$25,MATCH(G37,competency_model!$A$2:$A$25,0)),"") -> User Support | I37: =IFERROR(INDEX(competency_model!$D$2:$D$25,MATCH(G37,competency_model!$A$2:$A$25,0)),"") -> Competency Tool User Support | J37: =IFERROR(INDEX(competency_model!$F$2:$F$25,MATCH(G37,competency_model!$A$2:$A$25,0)),"") -> 3 | K37: =IFERROR(INDEX(competency_model!$G$2:$G$25,MATCH(G37,competency_model!$A$2:$A$25,0)),"") -> Medium | L37: 1 | M37: =MAX(0,J37-L37) -> 2 | N37: =IF(M37=0,"No Gap",IF(M37=1,"Minor",IF(M37=2,"Moderate","Critical"))) -> Moderate | O37: =IF(K37="High",3,IF(K37="Medium",2,1)) -> 2 | P37: =M37*O37 -> 4 | Q37: =IF(L37>=J37,"Ready","Development Needed") -> Development Needed | R37: Missing | S37: 45980.484 | T37: =TODAY()-S37 -> 221.51645 | U37: Manager | V37: Needs practical project evidence | W37: =IF(R37="Missing","Missing evidence",IF(T37>365,"Stale assessment",IF(COUNTIFS($B$2:$B$264,B37,$G$2:$G$264,G37)>1,"Duplicate competency record",IF(INDEX(employees!$H$2:$H$37,MATCH(B37,employees!$A$2:$A$37,0))="Inactive","Inactive account","OK")))) -> Missing evidence
A38: A0037 | B38: E005 | C38: =IFERROR(INDEX(employees!$B$2:$B$37,MATCH(B38,employees!$A$2:$A$37,0)),"") -> Jamie Williams | D38: =IFERROR(INDEX(employees!$C$2:$C$37,MATCH(B38,employees!$A$2:$A$37,0)),"") -> Systems Engineering | E38: =IFERROR(INDEX(employees!$D$2:$D$37,MATCH(B38,employees!$A$2:$A$37,0)),"") -> Testing & Validation | F38: =IFERROR(INDEX(employees!$E$2:$E$37,MATCH(B38,employees!$A$2:$A$37,0)),"") -> Senior Engineer | G38: C006 | H38: =IFERROR(INDEX(competency_model!$C$2:$C$25,MATCH(G38,competency_model!$A$2:$A$25,0)),"") -> PowerPoint Presentation | I38: =IFERROR(INDEX(competency_model!$D$2:$D$25,MATCH(G38,competency_model!$A$2:$A$25,0)),"") -> Leadership Storytelling | J38: =IFERROR(INDEX(competency_model!$F$2:$F$25,MATCH(G38,competency_model!$A$2:$A$25,0)),"") -> 3 | K38: =IFERROR(INDEX(competency_model!$G$2:$G$25,MATCH(G38,competency_model!$A$2:$A$25,0)),"") -> Medium | L38: 1 | M38: =MAX(0,J38-L38) -> 2 | N38: =IF(M38=0,"No Gap",IF(M38=1,"Minor",IF(M38=2,"Moderate","Critical"))) -> Moderate | O38: =IF(K38="High",3,IF(K38="Medium",2,1)) -> 2 | P38: =M38*O38 -> 4 | Q38: =IF(L38>=J38,"Ready","Development Needed") -> Development Needed | R38: Missing | S38: 46118.004 | T38: =TODAY()-S38 -> 83.995562 | U38: System | W38: =IF(R38="Missing","Missing evidence",IF(T38>365,"Stale assessment",IF(COUNTIFS($B$2:$B$264,B38,$G$2:$G$264,G38)>1,"Duplicate competency record",IF(INDEX(employees!$H$2:$H$37,MATCH(B38,employees!$A$2:$A$37,0))="Inactive","Inactive account","OK")))) -> Missing evidence
A39: A0038 | B39: E006 | C39: =IFERROR(INDEX(employees!$B$2:$B$37,MATCH(B39,employees!$A$2:$A$37,0)),"") -> Taylor Patel | D39: =IFERROR(INDEX(employees!$C$2:$C$37,MATCH(B39,employees!$A$2:$A$37,0)),"") -> Protection & Control | E39: =IFERROR(INDEX(employees!$D$2:$D$37,MATCH(B39,employees!$A$2:$A$37,0)),"") -> Software Engineering | F39: =IFERROR(INDEX(employees!$E$2:$E$37,MATCH(B39,employees!$A$2:$A$37,0)),"") -> Senior Engineer | G39: C016 | H39: =IFERROR(INDEX(competency_model!$C$2:$C$25,MATCH(G39,competency_model!$A$2:$A$25,0)),"") -> Software Tools | I39: =IFERROR(INDEX(competency_model!$D$2:$D$25,MATCH(G39,competency_model!$A$2:$A$25,0)),"") -> Version Control with Git | J39: =IFERROR(INDEX(competency_model!$F$2:$F$25,MATCH(G39,competency_model!$A$2:$A$25,0)),"") -> 3 | K39: =IFERROR(INDEX(competency_model!$G$2:$G$25,MATCH(G39,competency_model!$A$2:$A$25,0)),"") -> Medium | L39: 1 | M39: =MAX(0,J39-L39) -> 2 | N39: =IF(M39=0,"No Gap",IF(M39=1,"Minor",IF(M39=2,"Moderate","Critical"))) -> Moderate | O39: =IF(K39="High",3,IF(K39="Medium",2,1)) -> 2 | P39: =M39*O39 -> 4 | Q39: =IF(L39>=J39,"Ready","Development Needed") -> Development Needed | R39: Missing | S39: 45705.761 | T39: =TODAY()-S39 -> 496.23902 | U39: Manager | W39: =IF(R39="Missing","Missing evidence",IF(T39>365,"Stale assessment",IF(COUNTIFS($B$2:$B$264,B39,$G$2:$G$264,G39)>1,"Duplicate competency record",IF(INDEX(employees!$H$2:$H$37,MATCH(B39,employees!$A$2:$A$37,0))="Inactive","Inactive account","OK")))) -> Missing evidence
A40: A0039 | B40: E006 | C40: =IFERROR(INDEX(employees!$B$2:$B$37,MATCH(B40,employees!$A$2:$A$37,0)),"") -> Taylor Patel | D40: =IFERROR(INDEX(employees!$C$2:$C$37,MATCH(B40,employees!$A$2:$A$37,0)),"") -> Protection & Control | E40: =IFERROR(INDEX(employees!$D$2:$D$37,MATCH(B40,employees!$A$2:$A$37,0)),"") -> Software Engineering | F40: =IFERROR(INDEX(employees!$E$2:$E$37,MATCH(B40,employees!$A$2:$A$37,0)),"") -> Senior Engineer | G40: C006 | H40: =IFERROR(INDEX(competency_model!$C$2:$C$25,MATCH(G40,competency_model!$A$2:$A$25,0)),"") -> PowerPoint Presentation | I40: =IFERROR(INDEX(competency_model!$D$2:$D$25,MATCH(G40,competency_model!$A$2:$A$25,0)),"") -> Leadership Storytelling | J40: =IFERROR(INDEX(competency_model!$F$2:$F$25,MATCH(G40,competency_model!$A$2:$A$25,0)),"") -> 3 | K40: =IFERROR(INDEX(competency_model!$G$2:$G$25,MATCH(G40,competency_model!$A$2:$A$25,0)),"") -> Medium | L40: 1 | M40: =MAX(0,J40-L40) -> 2 | N40: =IF(M40=0,"No Gap",IF(M40=1,"Minor",IF(M40=2,"Moderate","Critical"))) -> Moderate | O40: =IF(K40="High",3,IF(K40="Medium",2,1)) -> 2 | P40: =M40*O40 -> 4 | Q40: =IF(L40>=J40,"Ready","Development Needed") -> Development Needed | R40: Partial | S40: 46118.087 | T40: =TODAY()-S40 -> 83.91311 | U40: Manager | W40: =IF(R40="Missing","Missing evidence",IF(T40>365,"Stale assessment",IF(COUNTIFS($B$2:$B$264,B40,$G$2:$G$264,G40)>1,"Duplicate competency record",IF(INDEX(employees!$H$2:$H$37,MATCH(B40,employees!$A$2:$A$37,0))="Inactive","Inactive account","OK")))) -> OK
A41: A0040 | B41: E006 | C41: =IFERROR(INDEX(employees!$B$2:$B$37,MATCH(B41,employees!$A$2:$A$37,0)),"") -> Taylor Patel | D41: =IFERROR(INDEX(employees!$C$2:$C$37,MATCH(B41,employees!$A$2:$A$37,0)),"") -> Protection & Control | E41: =IFERROR(INDEX(employees!$D$2:$D$37,MATCH(B41,employees!$A$2:$A$37,0)),"") -> Software Engineering | F41: =IFERROR(INDEX(employees!$E$2:$E$37,MATCH(B41,employees!$A$2:$A$37,0)),"") -> Senior Engineer | G41: C011 | H41: =IFERROR(INDEX(competency_model!$C$2:$C$25,MATCH(G41,competency_model!$A$2:$A$25,0)),"") -> Testing & Validation | I41: =IFERROR(INDEX(competency_model!$D$2:$D$25,MATCH(G41,competency_model!$A$2:$A$25,0)),"") -> Defect Investigation | J41: =IFERROR(INDEX(competency_model!$F$2:$F$25,MATCH(G41,competency_model!$A$2:$A$25,0)),"") -> 3 | K41: =IFERROR(INDEX(competency_model!$G$2:$G$25,MATCH(G41,competency_model!$A$2:$A$25,0)),"") -> Medium | L41: 1 | M41: =MAX(0,J41-L41) -> 2 | N41: =IF(M41=0,"No Gap",IF(M41=1,"Minor",IF(M41=2,"Moderate","Critical"))) -> Moderate | O41: =IF(K41="High",3,IF(K41="Medium",2,1)) -> 2 | P41: =M41*O41 -> 4 | Q41: =IF(L41>=J41,"Ready","Development Needed") -> Development Needed | R41: Partial | S41: 46032.023 | T41: =TODAY()-S41 -> 169.97745 | U41: System | W41: =IF(R41="Missing","Missing evidence",IF(T41>365,"Stale assessment",IF(COUNTIFS($B$2:$B$264,B41,$G$2:$G$264,G41)>1,"Duplicate competency record",IF(INDEX(employees!$H$2:$H$37,MATCH(B41,employees!$A$2:$A$37,0))="Inactive","Inactive account","OK")))) -> OK
A42: A0041 | B42: E006 | C42: =IFERROR(INDEX(employees!$B$2:$B$37,MATCH(B42,employees!$A$2:$A$37,0)),"") -> Taylor Patel | D42: =IFERROR(INDEX(employees!$C$2:$C$37,MATCH(B42,employees!$A$2:$A$37,0)),"") -> Protection & Control | E42: =IFERROR(INDEX(employees!$D$2:$D$37,MATCH(B42,employees!$A$2:$A$37,0)),"") -> Software Engineering | F42: =IFERROR(INDEX(employees!$E$2:$E$37,MATCH(B42,employees!$A$2:$A$37,0)),"") -> Senior Engineer | G42: C003 | H42: =IFERROR(INDEX(competency_model!$C$2:$C$25,MATCH(G42,competency_model!$A$2:$A$25,0)),"") -> Data Analysis | I42: =IFERROR(INDEX(competency_model!$D$2:$D$25,MATCH(G42,competency_model!$A$2:$A$25,0)),"") -> SQL Querying | J42: =IFERROR(INDEX(competency_model!$F$2:$F$25,MATCH(G42,competency_model!$A$2:$A$25,0)),"") -> 3 | K42: =IFERROR(INDEX(competency_model!$G$2:$G$25,MATCH(G42,competency_model!$A$2:$A$25,0)),"") -> Medium | L42: 1 | M42: =MAX(0,J42-L42) -> 2 | N42: =IF(M42=0,"No Gap",IF(M42=1,"Minor",IF(M42=2,"Moderate","Critical"))) -> Moderate | O42: =IF(K42="High",3,IF(K42="Medium",2,1)) -> 2 | P42: =M42*O42 -> 4 | Q42: =IF(L42>=J42,"Ready","Development Needed") -> Development Needed | R42: Partial | S42: 46134.429 | T42: =TODAY()-S42 -> 67.570766 | U42: Manager | V42: Needs practical project evidence | W42: =IF(R42="Missing","Missing evidence",IF(T42>365,"Stale assessment",IF(COUNTIFS($B$2:$B$264,B42,$G$2:$G$264,G42)>1,"Duplicate competency record",IF(INDEX(employees!$H$2:$H$37,MATCH(B42,employees!$A$2:$A$37,0))="Inactive","Inactive account","OK")))) -> OK
A43: A0042 | B43: E006 | C43: =IFERROR(INDEX(employees!$B$2:$B$37,MATCH(B43,employees!$A$2:$A$37,0)),"") -> Taylor Patel | D43: =IFERROR(INDEX(employees!$C$2:$C$37,MATCH(B43,employees!$A$2:$A$37,0)),"") -> Protection & Control | E43: =IFERROR(INDEX(employees!$D$2:$D$37,MATCH(B43,employees!$A$2:$A$37,0)),"") -> Software Engineering | F43: =IFERROR(INDEX(employees!$E$2:$E$37,MATCH(B43,employees!$A$2:$A$37,0)),"") -> Senior Engineer | G43: C013 | H43: =IFERROR(INDEX(competency_model!$C$2:$C$25,MATCH(G43,competency_model!$A$2:$A$25,0)),"") -> Stakeholder Communication | I43: =IFERROR(INDEX(competency_model!$D$2:$D$25,MATCH(G43,competency_model!$A$2:$A$25,0)),"") -> Non-Technical Explanation | J43: =IFERROR(INDEX(competency_model!$F$2:$F$25,MATCH(G43,competency_model!$A$2:$A$25,0)),"") -> 3 | K43: =IFERROR(INDEX(competency_model!$G$2:$G$25,MATCH(G43,competency_model!$A$2:$A$25,0)),"") -> Medium | L43: 1 | M43: =MAX(0,J43-L43) -> 2 | N43: =IF(M43=0,"No Gap",IF(M43=1,"Minor",IF(M43=2,"Moderate","Critical"))) -> Moderate | O43: =IF(K43="High",3,IF(K43="Medium",2,1)) -> 2 | P43: =M43*O43 -> 4 | Q43: =IF(L43>=J43,"Ready","Development Needed") -> Development Needed | R43: Missing | S43: 45997.209 | T43: =TODAY()-S43 -> 204.79071 | U43: System | W43: =IF(R43="Missing","Missing evidence",IF(T43>365,"Stale assessment",IF(COUNTIFS($B$2:$B$264,B43,$G$2:$G$264,G43)>1,"Duplicate competency record",IF(INDEX(employees!$H$2:$H$37,MATCH(B43,employees!$A$2:$A$37,0))="Inactive","Inactive account","OK")))) -> Missing evidence
A44: A0043 | B44: E006 | C44: =IFERROR(INDEX(employees!$B$2:$B$37,MATCH(B44,employees!$A$2:$A$37,0)),"") -> Taylor Patel | D44: =IFERROR(INDEX(employees!$C$2:$C$37,MATCH(B44,employees!$A$2:$A$37,0)),"") -> Protection & Control | E44: =IFERROR(INDEX(employees!$D$2:$D$37,MATCH(B44,employees!$A$2:$A$37,0)),"") -> Software Engineering | F44: =IFERROR(INDEX(employees!$E$2:$E$37,MATCH(B44,employees!$A$2:$A$37,0)),"") -> Senior Engineer | G44: C020 | H44: =IFERROR(INDEX(competency_model!$C$2:$C$25,MATCH(G44,competency_model!$A$2:$A$25,0)),"") -> User Support | I44: =IFERROR(INDEX(competency_model!$D$2:$D$25,MATCH(G44,competency_model!$A$2:$A$25,0)),"") -> Competency Tool User Support | J44: =IFERROR(INDEX(competency_model!$F$2:$F$25,MATCH(G44,competency_model!$A$2:$A$25,0)),"") -> 3 | K44: =IFERROR(INDEX(competency_model!$G$2:$G$25,MATCH(G44,competency_model!$A$2:$A$25,0)),"") -> Medium | L44: 2 | M44: =MAX(0,J44-L44) -> 1 | N44: =IF(M44=0,"No Gap",IF(M44=1,"Minor",IF(M44=2,"Moderate","Critical"))) -> Minor | O44: =IF(K44="High",3,IF(K44="Medium",2,1)) -> 2 | P44: =M44*O44 -> 2 | Q44: =IF(L44>=J44,"Ready","Development Needed") -> Development Needed | R44: Verified | S44: 46075.663 | T44: =TODAY()-S44 -> 126.33705 | U44: Manager | V44: Needs evidence upload | W44: =IF(R44="Missing","Missing evidence",IF(T44>365,"Stale assessment",IF(COUNTIFS($B$2:$B$264,B44,$G$2:$G$264,G44)>1,"Duplicate competency record",IF(INDEX(employees!$H$2:$H$37,MATCH(B44,employees!$A$2:$A$37,0))="Inactive","Inactive account","OK")))) -> OK
A45: A0044 | B45: E006 | C45: =IFERROR(INDEX(employees!$B$2:$B$37,MATCH(B45,employees!$A$2:$A$37,0)),"") -> Taylor Patel | D45: =IFERROR(INDEX(employees!$C$2:$C$37,MATCH(B45,employees!$A$2:$A$37,0)),"") -> Protection & Control | E45: =IFERROR(INDEX(employees!$D$2:$D$37,MATCH(B45,employees!$A$2:$A$37,0)),"") -> Software Engineering | F45: =IFERROR(INDEX(employees!$E$2:$E$37,MATCH(B45,employees!$A$2:$A$37,0)),"") -> Senior Engineer | G45: C015 | H45: =IFERROR(INDEX(competency_model!$C$2:$C$25,MATCH(G45,competency_model!$A$2:$A$25,0)),"") -> Python | I45: =IFERROR(INDEX(competency_model!$D$2:$D$25,MATCH(G45,competency_model!$A$2:$A$25,0)),"") -> Automation Scripting | J45: =IFERROR(INDEX(competency_model!$F$2:$F$25,MATCH(G45,competency_model!$A$2:$A$25,0)),"") -> 3 | K45: =IFERROR(INDEX(competency_model!$G$2:$G$25,MATCH(G45,competency_model!$A$2:$A$25,0)),"") -> Medium | L45: 2 | M45: =MAX(0,J45-L45) -> 1 | N45: =IF(M45=0,"No Gap",IF(M45=1,"Minor",IF(M45=2,"Moderate","Critical"))) -> Minor | O45: =IF(K45="High",3,IF(K45="Medium",2,1)) -> 2 | P45: =M45*O45 -> 2 | Q45: =IF(L45>=J45,"Ready","Development Needed") -> Development Needed | R45: Verified | S45: 46082.233 | T45: =TODAY()-S45 -> 119.76681 | U45: Manager | V45: Discuss training route with leader | W45: =IF(R45="Missing","Missing evidence",IF(T45>365,"Stale assessment",IF(COUNTIFS($B$2:$B$264,B45,$G$2:$G$264,G45)>1,"Duplicate competency record",IF(INDEX(employees!$H$2:$H$37,MATCH(B45,employees!$A$2:$A$37,0))="Inactive","Inactive account","OK")))) -> OK
A46: A0045 | B46: E006 | C46: =IFERROR(INDEX(employees!$B$2:$B$37,MATCH(B46,employees!$A$2:$A$37,0)),"") -> Taylor Patel | D46: =IFERROR(INDEX(employees!$C$2:$C$37,MATCH(B46,employees!$A$2:$A$37,0)),"") -> Protection & Control | E46: =IFERROR(INDEX(employees!$D$2:$D$37,MATCH(B46,employees!$A$2:$A$37,0)),"") -> Software Engineering | F46: =IFERROR(INDEX(employees!$E$2:$E$37,MATCH(B46,employees!$A$2:$A$37,0)),"") -> Senior Engineer | G46: C012 | H46: =IFERROR(INDEX(competency_model!$C$2:$C$25,MATCH(G46,competency_model!$A$2:$A$25,0)),"") -> Safety / Compliance | I46: =IFERROR(INDEX(competency_model!$D$2:$D$25,MATCH(G46,competency_model!$A$2:$A$25,0)),"") -> Engineering Safety Awareness | J46: =IFERROR(INDEX(competency_model!$F$2:$F$25,MATCH(G46,competency_model!$A$2:$A$25,0)),"") -> 4 | K46: =IFERROR(INDEX(competency_model!$G$2:$G$25,MATCH(G46,competency_model!$A$2:$A$25,0)),"") -> High | L46: 3 | M46: =MAX(0,J46-L46) -> 1 | N46: =IF(M46=0,"No Gap",IF(M46=1,"Minor",IF(M46=2,"Moderate","Critical"))) -> Minor | O46: =IF(K46="High",3,IF(K46="Medium",2,1)) -> 3 | P46: =M46*O46 -> 3 | Q46: =IF(L46>=J46,"Ready","Development Needed") -> Development Needed | R46: Verified | S46: 46062.573 | T46: =TODAY()-S46 -> 139.42739 | U46: Manager | V46: Discuss training route with leader | W46: =IF(R46="Missing","Missing evidence",IF(T46>365,"Stale assessment",IF(COUNTIFS($B$2:$B$264,B46,$G$2:$G$264,G46)>1,"Duplicate competency record",IF(INDEX(employees!$H$2:$H$37,MATCH(B46,employees!$A$2:$A$37,0))="Inactive","Inactive account","OK")))) -> OK
A47: A0046 | B47: E007 | C47: =IFERROR(INDEX(employees!$B$2:$B$37,MATCH(B47,employees!$A$2:$A$37,0)),"") -> Morgan Nguyen | D47: =IFERROR(INDEX(employees!$C$2:$C$37,MATCH(B47,employees!$A$2:$A$37,0)),"") -> Asset Management | E47: =IFERROR(INDEX(employees!$D$2:$D$37,MATCH(B47,employees!$A$2:$A$37,0)),"") -> Data & Reporting | F47: =IFERROR(INDEX(employees!$E$2:$E$37,MATCH(B47,employees!$A$2:$A$37,0)),"") -> Lead Engineer | G47: C020 | H47: =IFERROR(INDEX(competency_model!$C$2:$C$25,MATCH(G47,competency_model!$A$2:$A$25,0)),"") -> User Support | I47: =IFERROR(INDEX(competency_model!$D$2:$D$25,MATCH(G47,competency_model!$A$2:$A$25,0)),"") -> Competency Tool User Support | J47: =IFERROR(INDEX(competency_model!$F$2:$F$25,MATCH(G47,competency_model!$A$2:$A$25,0)),"") -> 3 | K47: =IFERROR(INDEX(competency_model!$G$2:$G$25,MATCH(G47,competency_model!$A$2:$A$25,0)),"") -> Medium | L47: 1 | M47: =MAX(0,J47-L47) -> 2 | N47: =IF(M47=0,"No Gap",IF(M47=1,"Minor",IF(M47=2,"Moderate","Critical"))) -> Moderate | O47: =IF(K47="High",3,IF(K47="Medium",2,1)) -> 2 | P47: =M47*O47 -> 4 | Q47: =IF(L47>=J47,"Ready","Development Needed") -> Development Needed | R47: Verified | S47: 46140.084 | T47: =TODAY()-S47 -> 61.91641 | U47: Self | V47: Ready for review | W47: =IF(R47="Missing","Missing evidence",IF(T47>365,"Stale assessment",IF(COUNTIFS($B$2:$B$264,B47,$G$2:$G$264,G47)>1,"Duplicate competency record",IF(INDEX(employees!$H$2:$H$37,MATCH(B47,employees!$A$2:$A$37,0))="Inactive","Inactive account","OK")))) -> OK
A48: A0047 | B48: E007 | C48: =IFERROR(INDEX(employees!$B$2:$B$37,MATCH(B48,employees!$A$2:$A$37,0)),"") -> Morgan Nguyen | D48: =IFERROR(INDEX(employees!$C$2:$C$37,MATCH(B48,employees!$A$2:$A$37,0)),"") -> Asset Management | E48: =IFERROR(INDEX(employees!$D$2:$D$37,MATCH(B48,employees!$A$2:$A$37,0)),"") -> Data & Reporting | F48: =IFERROR(INDEX(employees!$E$2:$E$37,MATCH(B48,employees!$A$2:$A$37,0)),"") -> Lead Engineer | G48: C022 | H48: =IFERROR(INDEX(competency_model!$C$2:$C$25,MATCH(G48,competency_model!$A$2:$A$25,0)),"") -> Tableau | I48: =IFERROR(INDEX(competency_model!$D$2:$D$25,MATCH(G48,competency_model!$A$2:$A$25,0)),"") -> Dashboard Filtering and Actions | J48: =IFERROR(INDEX(competency_model!$F$2:$F$25,MATCH(G48,competency_model!$A$2:$A$25,0)),"") -> 3 | K48: =IFERROR(INDEX(competency_model!$G$2:$G$25,MATCH(G48,competency_model!$A$2:$A$25,0)),"") -> Medium | L48: 2 | M48: =MAX(0,J48-L48) -> 1 | N48: =IF(M48=0,"No Gap",IF(M48=1,"Minor",IF(M48=2,"Moderate","Critical"))) -> Minor | O48: =IF(K48="High",3,IF(K48="Medium",2,1)) -> 2 | P48: =M48*O48 -> 2 | Q48: =IF(L48>=J48,"Ready","Development Needed") -> Development Needed | R48: Partial | S48: 46020.925 | T48: =TODAY()-S48 -> 181.0746 | U48: System | W48: =IF(R48="Missing","Missing evidence",IF(T48>365,"Stale assessment",IF(COUNTIFS($B$2:$B$264,B48,$G$2:$G$264,G48)>1,"Duplicate competency record",IF(INDEX(employees!$H$2:$H$37,MATCH(B48,employees!$A$2:$A$37,0))="Inactive","Inactive account","OK")))) -> OK
A49: A0048 | B49: E007 | C49: =IFERROR(INDEX(employees!$B$2:$B$37,MATCH(B49,employees!$A$2:$A$37,0)),"") -> Morgan Nguyen | D49: =IFERROR(INDEX(employees!$C$2:$C$37,MATCH(B49,employees!$A$2:$A$37,0)),"") -> Asset Management | E49: =IFERROR(INDEX(employees!$D$2:$D$37,MATCH(B49,employees!$A$2:$A$37,0)),"") -> Data & Reporting | F49: =IFERROR(INDEX(employees!$E$2:$E$37,MATCH(B49,employees!$A$2:$A$37,0)),"") -> Lead Engineer | G49: C013 | H49: =IFERROR(INDEX(competency_model!$C$2:$C$25,MATCH(G49,competency_model!$A$2:$A$25,0)),"") -> Stakeholder Communication | I49: =IFERROR(INDEX(competency_model!$D$2:$D$25,MATCH(G49,competency_model!$A$2:$A$25,0)),"") -> Non-Technical Explanation | J49: =IFERROR(INDEX(competency_model!$F$2:$F$25,MATCH(G49,competency_model!$A$2:$A$25,0)),"") -> 3 | K49: =IFERROR(INDEX(competency_model!$G$2:$G$25,MATCH(G49,competency_model!$A$2:$A$25,0)),"") -> Medium | L49: 2 | M49: =MAX(0,J49-L49) -> 1 | N49: =IF(M49=0,"No Gap",IF(M49=1,"Minor",IF(M49=2,"Moderate","Critical"))) -> Minor | O49: =IF(K49="High",3,IF(K49="Medium",2,1)) -> 2 | P49: =M49*O49 -> 2 | Q49: =IF(L49>=J49,"Ready","Development Needed") -> Development Needed | R49: Verified | S49: 45982.094 | T49: =TODAY()-S49 -> 219.90614 | U49: Self | W49: =IF(R49="Missing","Missing evidence",IF(T49>365,"Stale assessment",IF(COUNTIFS($B$2:$B$264,B49,$G$2:$G$264,G49)>1,"Duplicate competency record",IF(INDEX(employees!$H$2:$H$37,MATCH(B49,employees!$A$2:$A$37,0))="Inactive","Inactive account","OK")))) -> OK
A50: A0049 | B50: E007 | C50: =IFERROR(INDEX(employees!$B$2:$B$37,MATCH(B50,employees!$A$2:$A$37,0)),"") -> Morgan Nguyen | D50: =IFERROR(INDEX(employees!$C$2:$C$37,MATCH(B50,employees!$A$2:$A$37,0)),"") -> Asset Management | E50: =IFERROR(INDEX(employees!$D$2:$D$37,MATCH(B50,employees!$A$2:$A$37,0)),"") -> Data & Reporting | F50: =IFERROR(INDEX(employees!$E$2:$E$37,MATCH(B50,employees!$A$2:$A$37,0)),"") -> Lead Engineer | G50: C012 | H50: =IFERROR(INDEX(competency_model!$C$2:$C$25,MATCH(G50,competency_model!$A$2:$A$25,0)),"") -> Safety / Compliance | I50: =IFERROR(INDEX(competency_model!$D$2:$D$25,MATCH(G50,competency_model!$A$2:$A$25,0)),"") -> Engineering Safety Awareness | J50: =IFERROR(INDEX(competency_model!$F$2:$F$25,MATCH(G50,competency_model!$A$2:$A$25,0)),"") -> 4 | K50: =IFERROR(INDEX(competency_model!$G$2:$G$25,MATCH(G50,competency_model!$A$2:$A$25,0)),"") -> High | L50: 4 | M50: =MAX(0,J50-L50) -> 0 | N50: =IF(M50=0,"No Gap",IF(M50=1,"Minor",IF(M50=2,"Moderate","Critical"))) -> No Gap | O50: =IF(K50="High",3,IF(K50="Medium",2,1)) -> 3 | P50: =M50*O50 -> 0 | Q50: =IF(L50>=J50,"Ready","Development Needed") -> Ready | R50: Verified | S50: 46135.313 | T50: =TODAY()-S50 -> 66.687258 | U50: System | W50: =IF(R50="Missing","Missing evidence",IF(T50>365,"Stale assessment",IF(COUNTIFS($B$2:$B$264,B50,$G$2:$G$264,G50)>1,"Duplicate competency record",IF(INDEX(employees!$H$2:$H$37,MATCH(B50,employees!$A$2:$A$37,0))="Inactive","Inactive account","OK")))) -> OK
A51: A0050 | B51: E007 | C51: =IFERROR(INDEX(employees!$B$2:$B$37,MATCH(B51,employees!$A$2:$A$37,0)),"") -> Morgan Nguyen | D51: =IFERROR(INDEX(employees!$C$2:$C$37,MATCH(B51,employees!$A$2:$A$37,0)),"") -> Asset Management | E51: =IFERROR(INDEX(employees!$D$2:$D$37,MATCH(B51,employees!$A$2:$A$37,0)),"") -> Data & Reporting | F51: =IFERROR(INDEX(employees!$E$2:$E$37,MATCH(B51,employees!$A$2:$A$37,0)),"") -> Lead Engineer | G51: C001 | H51: =IFERROR(INDEX(competency_model!$C$2:$C$25,MATCH(G51,competency_model!$A$2:$A$25,0)),"") -> Data Analysis | I51: =IFERROR(INDEX(competency_model!$D$2:$D$25,MATCH(G51,competency_model!$A$2:$A$25,0)),"") -> Excel Data Cleaning | J51: =IFERROR(INDEX(competency_model!$F$2:$F$25,MATCH(G51,competency_model!$A$2:$A$25,0)),"") -> 4 | K51: =IFERROR(INDEX(competency_model!$G$2:$G$25,MATCH(G51,competency_model!$A$2:$A$25,0)),"") -> High | L51: 3 | M51: =MAX(0,J51-L51) -> 1 | N51: =IF(M51=0,"No Gap",IF(M51=1,"Minor",IF(M51=2,"Moderate","Critical"))) -> Minor | O51: =IF(K51="High",3,IF(K51="Medium",2,1)) -> 3 | P51: =M51*O51 -> 3 | Q51: =IF(L51>=J51,"Ready","Development Needed") -> Development Needed | R51: Verified | S51: 46180.806 | T51: =TODAY()-S51 -> 21.194132 | U51: Manager | V51: Ready for review | W51: =IF(R51="Missing","Missing evidence",IF(T51>365,"Stale assessment",IF(COUNTIFS($B$2:$B$264,B51,$G$2:$G$264,G51)>1,"Duplicate competency record",IF(INDEX(employees!$H$2:$H$37,MATCH(B51,employees!$A$2:$A$37,0))="Inactive","Inactive account","OK")))) -> OK
A52: A0051 | B52: E007 | C52: =IFERROR(INDEX(employees!$B$2:$B$37,MATCH(B52,employees!$A$2:$A$37,0)),"") -> Morgan Nguyen | D52: =IFERROR(INDEX(employees!$C$2:$C$37,MATCH(B52,employees!$A$2:$A$37,0)),"") -> Asset Management | E52: =IFERROR(INDEX(employees!$D$2:$D$37,MATCH(B52,employees!$A$2:$A$37,0)),"") -> Data & Reporting | F52: =IFERROR(INDEX(employees!$E$2:$E$37,MATCH(B52,employees!$A$2:$A$37,0)),"") -> Lead Engineer | G52: C003 | H52: =IFERROR(INDEX(competency_model!$C$2:$C$25,MATCH(G52,competency_model!$A$2:$A$25,0)),"") -> Data Analysis | I52: =IFERROR(INDEX(competency_model!$D$2:$D$25,MATCH(G52,competency_model!$A$2:$A$25,0)),"") -> SQL Querying | J52: =IFERROR(INDEX(competency_model!$F$2:$F$25,MATCH(G52,competency_model!$A$2:$A$25,0)),"") -> 3 | K52: =IFERROR(INDEX(competency_model!$G$2:$G$25,MATCH(G52,competency_model!$A$2:$A$25,0)),"") -> Medium | L52: 2 | M52: =MAX(0,J52-L52) -> 1 | N52: =IF(M52=0,"No Gap",IF(M52=1,"Minor",IF(M52=2,"Moderate","Critical"))) -> Minor | O52: =IF(K52="High",3,IF(K52="Medium",2,1)) -> 2 | P52: =M52*O52 -> 2 | Q52: =IF(L52>=J52,"Ready","Development Needed") -> Development Needed | R52: Verified | S52: 46159.837 | T52: =TODAY()-S52 -> 42.163028 | U52: Manager | W52: =IF(R52="Missing","Missing evidence",IF(T52>365,"Stale assessment",IF(COUNTIFS($B$2:$B$264,B52,$G$2:$G$264,G52)>1,"Duplicate competency record",IF(INDEX(employees!$H$2:$H$37,MATCH(B52,employees!$A$2:$A$37,0))="Inactive","Inactive account","OK")))) -> OK
A53: A0052 | B53: E007 | C53: =IFERROR(INDEX(employees!$B$2:$B$37,MATCH(B53,employees!$A$2:$A$37,0)),"") -> Morgan Nguyen | D53: =IFERROR(INDEX(employees!$C$2:$C$37,MATCH(B53,employees!$A$2:$A$37,0)),"") -> Asset Management | E53: =IFERROR(INDEX(employees!$D$2:$D$37,MATCH(B53,employees!$A$2:$A$37,0)),"") -> Data & Reporting | F53: =IFERROR(INDEX(employees!$E$2:$E$37,MATCH(B53,employees!$A$2:$A$37,0)),"") -> Lead Engineer | G53: C007 | H53: =IFERROR(INDEX(competency_model!$C$2:$C$25,MATCH(G53,competency_model!$A$2:$A$25,0)),"") -> Engineering Documentation | I53: =IFERROR(INDEX(competency_model!$D$2:$D$25,MATCH(G53,competency_model!$A$2:$A$25,0)),"") -> Technical Documentation | J53: =IFERROR(INDEX(competency_model!$F$2:$F$25,MATCH(G53,competency_model!$A$2:$A$25,0)),"") -> 4 | K53: =IFERROR(INDEX(competency_model!$G$2:$G$25,MATCH(G53,competency_model!$A$2:$A$25,0)),"") -> High | L53: 3 | M53: =MAX(0,J53-L53) -> 1 | N53: =IF(M53=0,"No Gap",IF(M53=1,"Minor",IF(M53=2,"Moderate","Critical"))) -> Minor | O53: =IF(K53="High",3,IF(K53="Medium",2,1)) -> 3 | P53: =M53*O53 -> 3 | Q53: =IF(L53>=J53,"Ready","Development Needed") -> Development Needed | R53: Verified | S53: 46142.347 | T53: =TODAY()-S53 -> 59.653209 | U53: Manager | V53: Ready for review | W53: =IF(R53="Missing","Missing evidence",IF(T53>365,"Stale assessment",IF(COUNTIFS($B$2:$B$264,B53,$G$2:$G$264,G53)>1,"Duplicate competency record",IF(INDEX(employees!$H$2:$H$37,MATCH(B53,employees!$A$2:$A$37,0))="Inactive","Inactive account","OK")))) -> OK
A54: A0053 | B54: E007 | C54: =IFERROR(INDEX(employees!$B$2:$B$37,MATCH(B54,employees!$A$2:$A$37,0)),"") -> Morgan Nguyen | D54: =IFERROR(INDEX(employees!$C$2:$C$37,MATCH(B54,employees!$A$2:$A$37,0)),"") -> Asset Management | E54: =IFERROR(INDEX(employees!$D$2:$D$37,MATCH(B54,employees!$A$2:$A$37,0)),"") -> Data & Reporting | F54: =IFERROR(INDEX(employees!$E$2:$E$37,MATCH(B54,employees!$A$2:$A$37,0)),"") -> Lead Engineer | G54: C021 | H54: =IFERROR(INDEX(competency_model!$C$2:$C$25,MATCH(G54,competency_model!$A$2:$A$25,0)),"") -> Excel Reporting | I54: =IFERROR(INDEX(competency_model!$D$2:$D$25,MATCH(G54,competency_model!$A$2:$A$25,0)),"") -> Recurring KPI Reporting | J54: =IFERROR(INDEX(competency_model!$F$2:$F$25,MATCH(G54,competency_model!$A$2:$A$25,0)),"") -> 4 | K54: =IFERROR(INDEX(competency_model!$G$2:$G$25,MATCH(G54,competency_model!$A$2:$A$25,0)),"") -> High | L54: 2 | M54: =MAX(0,J54-L54) -> 2 | N54: =IF(M54=0,"No Gap",IF(M54=1,"Minor",IF(M54=2,"Moderate","Critical"))) -> Moderate | O54: =IF(K54="High",3,IF(K54="Medium",2,1)) -> 3 | P54: =M54*O54 -> 6 | Q54: =IF(L54>=J54,"Ready","Development Needed") -> Development Needed | R54: Partial | S54: 46165.868 | T54: =TODAY()-S54 -> 36.132198 | U54: Manager | V54: Needs practical project evidence | W54: =IF(R54="Missing","Missing evidence",IF(T54>365,"Stale assessment",IF(COUNTIFS($B$2:$B$264,B54,$G$2:$G$264,G54)>1,"Duplicate competency record",IF(INDEX(employees!$H$2:$H$37,MATCH(B54,employees!$A$2:$A$37,0))="Inactive","Inactive account","OK")))) -> OK
A55: A0054 | B55: E008 | C55: =IFERROR(INDEX(employees!$B$2:$B$37,MATCH(B55,employees!$A$2:$A$37,0)),"") -> Morgan Williams | D55: =IFERROR(INDEX(employees!$C$2:$C$37,MATCH(B55,employees!$A$2:$A$37,0)),"") -> HVDC | E55: =IFERROR(INDEX(employees!$D$2:$D$37,MATCH(B55,employees!$A$2:$A$37,0)),"") -> Systems Engineering | F55: =IFERROR(INDEX(employees!$E$2:$E$37,MATCH(B55,employees!$A$2:$A$37,0)),"") -> Engineer | G55: C004 | H55: =IFERROR(INDEX(competency_model!$C$2:$C$25,MATCH(G55,competency_model!$A$2:$A$25,0)),"") -> Excel Reporting | I55: =IFERROR(INDEX(competency_model!$D$2:$D$25,MATCH(G55,competency_model!$A$2:$A$25,0)),"") -> PivotTables and Power Query | J55: =IFERROR(INDEX(competency_model!$F$2:$F$25,MATCH(G55,competency_model!$A$2:$A$25,0)),"") -> 4 | K55: =IFERROR(INDEX(competency_model!$G$2:$G$25,MATCH(G55,competency_model!$A$2:$A$25,0)),"") -> High | L55: 4 | M55: =MAX(0,J55-L55) -> 0 | N55: =IF(M55=0,"No Gap",IF(M55=1,"Minor",IF(M55=2,"Moderate","Critical"))) -> No Gap | O55: =IF(K55="High",3,IF(K55="Medium",2,1)) -> 3 | P55: =M55*O55 -> 0 | Q55: =IF(L55>=J55,"Ready","Development Needed") -> Ready | R55: Partial | S55: 46037.987 | T55: =TODAY()-S55 -> 164.0127 | U55: Manager | V55: Ready for review | W55: =IF(R55="Missing","Missing evidence",IF(T55>365,"Stale assessment",IF(COUNTIFS($B$2:$B$264,B55,$G$2:$G$264,G55)>1,"Duplicate competency record",IF(INDEX(employees!$H$2:$H$37,MATCH(B55,employees!$A$2:$A$37,0))="Inactive","Inactive account","OK")))) -> OK
A56: A0055 | B56: E008 | C56: =IFERROR(INDEX(employees!$B$2:$B$37,MATCH(B56,employees!$A$2:$A$37,0)),"") -> Morgan Williams | D56: =IFERROR(INDEX(employees!$C$2:$C$37,MATCH(B56,employees!$A$2:$A$37,0)),"") -> HVDC | E56: =IFERROR(INDEX(employees!$D$2:$D$37,MATCH(B56,employees!$A$2:$A$37,0)),"") -> Systems Engineering | F56: =IFERROR(INDEX(employees!$E$2:$E$37,MATCH(B56,employees!$A$2:$A$37,0)),"") -> Engineer | G56: C014 | H56: =IFERROR(INDEX(competency_model!$C$2:$C$25,MATCH(G56,competency_model!$A$2:$A$25,0)),"") -> Stakeholder Communication | I56: =IFERROR(INDEX(competency_model!$D$2:$D$25,MATCH(G56,competency_model!$A$2:$A$25,0)),"") -> Cross-Functional Updates | J56: =IFERROR(INDEX(competency_model!$F$2:$F$25,MATCH(G56,competency_model!$A$2:$A$25,0)),"") -> 3 | K56: =IFERROR(INDEX(competency_model!$G$2:$G$25,MATCH(G56,competency_model!$A$2:$A$25,0)),"") -> Medium | L56: 1 | M56: =MAX(0,J56-L56) -> 2 | N56: =IF(M56=0,"No Gap",IF(M56=1,"Minor",IF(M56=2,"Moderate","Critical"))) -> Moderate | O56: =IF(K56="High",3,IF(K56="Medium",2,1)) -> 2 | P56: =M56*O56 -> 4 | Q56: =IF(L56>=J56,"Ready","Development Needed") -> Development Needed | R56: Verified | S56: 46076.067 | T56: =TODAY()-S56 -> 125.93254 | U56: Self | W56: =IF(R56="Missing","Missing evidence",IF(T56>365,"Stale assessment",IF(COUNTIFS($B$2:$B$264,B56,$G$2:$G$264,G56)>1,"Duplicate competency record",IF(INDEX(employees!$H$2:$H$37,MATCH(B56,employees!$A$2:$A$37,0))="Inactive","Inactive account","OK")))) -> OK
A57: A0056 | B57: E008 | C57: =IFERROR(INDEX(employees!$B$2:$B$37,MATCH(B57,employees!$A$2:$A$37,0)),"") -> Morgan Williams | D57: =IFERROR(INDEX(employees!$C$2:$C$37,MATCH(B57,employees!$A$2:$A$37,0)),"") -> HVDC | E57: =IFERROR(INDEX(employees!$D$2:$D$37,MATCH(B57,employees!$A$2:$A$37,0)),"") -> Systems Engineering | F57: =IFERROR(INDEX(employees!$E$2:$E$37,MATCH(B57,employees!$A$2:$A$37,0)),"") -> Engineer | G57: C006 | H57: =IFERROR(INDEX(competency_model!$C$2:$C$25,MATCH(G57,competency_model!$A$2:$A$25,0)),"") -> PowerPoint Presentation | I57: =IFERROR(INDEX(competency_model!$D$2:$D$25,MATCH(G57,competency_model!$A$2:$A$25,0)),"") -> Leadership Storytelling | J57: =IFERROR(INDEX(competency_model!$F$2:$F$25,MATCH(G57,competency_model!$A$2:$A$25,0)),"") -> 3 | K57: =IFERROR(INDEX(competency_model!$G$2:$G$25,MATCH(G57,competency_model!$A$2:$A$25,0)),"") -> Medium | L57: 3 | M57: =MAX(0,J57-L57) -> 0 | N57: =IF(M57=0,"No Gap",IF(M57=1,"Minor",IF(M57=2,"Moderate","Critical"))) -> No Gap | O57: =IF(K57="High",3,IF(K57="Medium",2,1)) -> 2 | P57: =M57*O57 -> 0 | Q57: =IF(L57>=J57,"Ready","Development Needed") -> Ready | R57: Verified | S57: 46011.202 | T57: =TODAY()-S57 -> 190.79818 | U57: Manager | V57: Ready for review | W57: =IF(R57="Missing","Missing evidence",IF(T57>365,"Stale assessment",IF(COUNTIFS($B$2:$B$264,B57,$G$2:$G$264,G57)>1,"Duplicate competency record",IF(INDEX(employees!$H$2:$H$37,MATCH(B57,employees!$A$2:$A$37,0))="Inactive","Inactive account","OK")))) -> OK
A58: A0057 | B58: E008 | C58: =IFERROR(INDEX(employees!$B$2:$B$37,MATCH(B58,employees!$A$2:$A$37,0)),"") -> Morgan Williams | D58: =IFERROR(INDEX(employees!$C$2:$C$37,MATCH(B58,employees!$A$2:$A$37,0)),"") -> HVDC | E58: =IFERROR(INDEX(employees!$D$2:$D$37,MATCH(B58,employees!$A$2:$A$37,0)),"") -> Systems Engineering | F58: =IFERROR(INDEX(employees!$E$2:$E$37,MATCH(B58,employees!$A$2:$A$37,0)),"") -> Engineer | G58: C024 | H58: =IFERROR(INDEX(competency_model!$C$2:$C$25,MATCH(G58,competency_model!$A$2:$A$25,0)),"") -> Asset Management | I58: =IFERROR(INDEX(competency_model!$D$2:$D$25,MATCH(G58,competency_model!$A$2:$A$25,0)),"") -> Engineering Performance Indicators | J58: =IFERROR(INDEX(competency_model!$F$2:$F$25,MATCH(G58,competency_model!$A$2:$A$25,0)),"") -> 3 | K58: =IFERROR(INDEX(competency_model!$G$2:$G$25,MATCH(G58,competency_model!$A$2:$A$25,0)),"") -> High | L58: 1 | M58: =MAX(0,J58-L58) -> 2 | N58: =IF(M58=0,"No Gap",IF(M58=1,"Minor",IF(M58=2,"Moderate","Critical"))) -> Moderate | O58: =IF(K58="High",3,IF(K58="Medium",2,1)) -> 3 | P58: =M58*O58 -> 6 | Q58: =IF(L58>=J58,"Ready","Development Needed") -> Development Needed | R58: Verified | S58: 46102.429 | T58: =TODAY()-S58 -> 99.570786 | U58: Manager | W58: =IF(R58="Missing","Missing evidence",IF(T58>365,"Stale assessment",IF(COUNTIFS($B$2:$B$264,B58,$G$2:$G$264,G58)>1,"Duplicate competency record",IF(INDEX(employees!$H$2:$H$37,MATCH(B58,employees!$A$2:$A$37,0))="Inactive","Inactive account","OK")))) -> OK
A59: A0058 | B59: E008 | C59: =IFERROR(INDEX(employees!$B$2:$B$37,MATCH(B59,employees!$A$2:$A$37,0)),"") -> Morgan Williams | D59: =IFERROR(INDEX(employees!$C$2:$C$37,MATCH(B59,employees!$A$2:$A$37,0)),"") -> HVDC | E59: =IFERROR(INDEX(employees!$D$2:$D$37,MATCH(B59,employees!$A$2:$A$37,0)),"") -> Systems Engineering | F59: =IFERROR(INDEX(employees!$E$2:$E$37,MATCH(B59,employees!$A$2:$A$37,0)),"") -> Engineer | G59: C007 | H59: =IFERROR(INDEX(competency_model!$C$2:$C$25,MATCH(G59,competency_model!$A$2:$A$25,0)),"") -> Engineering Documentation | I59: =IFERROR(INDEX(competency_model!$D$2:$D$25,MATCH(G59,competency_model!$A$2:$A$25,0)),"") -> Technical Documentation | J59: =IFERROR(INDEX(competency_model!$F$2:$F$25,MATCH(G59,competency_model!$A$2:$A$25,0)),"") -> 4 | K59: =IFERROR(INDEX(competency_model!$G$2:$G$25,MATCH(G59,competency_model!$A$2:$A$25,0)),"") -> High | L59: 2 | M59: =MAX(0,J59-L59) -> 2 | N59: =IF(M59=0,"No Gap",IF(M59=1,"Minor",IF(M59=2,"Moderate","Critical"))) -> Moderate | O59: =IF(K59="High",3,IF(K59="Medium",2,1)) -> 3 | P59: =M59*O59 -> 6 | Q59: =IF(L59>=J59,"Ready","Development Needed") -> Development Needed | R59: Partial | S59: 46164.064 | T59: =TODAY()-S59 -> 37.935791 | U59: Manager | V59: Ready for review | W59: =IF(R59="Missing","Missing evidence",IF(T59>365,"Stale assessment",IF(COUNTIFS($B$2:$B$264,B59,$G$2:$G$264,G59)>1,"Duplicate competency record",IF(INDEX(employees!$H$2:$H$37,MATCH(B59,employees!$A$2:$A$37,0))="Inactive","Inactive account","OK")))) -> OK
A60: A0059 | B60: E008 | C60: =IFERROR(INDEX(employees!$B$2:$B$37,MATCH(B60,employees!$A$2:$A$37,0)),"") -> Morgan Williams | D60: =IFERROR(INDEX(employees!$C$2:$C$37,MATCH(B60,employees!$A$2:$A$37,0)),"") -> HVDC | E60: =IFERROR(INDEX(employees!$D$2:$D$37,MATCH(B60,employees!$A$2:$A$37,0)),"") -> Systems Engineering | F60: =IFERROR(INDEX(employees!$E$2:$E$37,MATCH(B60,employees!$A$2:$A$37,0)),"") -> Engineer | G60: C013 | H60: =IFERROR(INDEX(competency_model!$C$2:$C$25,MATCH(G60,competency_model!$A$2:$A$25,0)),"") -> Stakeholder Communication | I60: =IFERROR(INDEX(competency_model!$D$2:$D$25,MATCH(G60,competency_model!$A$2:$A$25,0)),"") -> Non-Technical Explanation | J60: =IFERROR(INDEX(competency_model!$F$2:$F$25,MATCH(G60,competency_model!$A$2:$A$25,0)),"") -> 3 | K60: =IFERROR(INDEX(competency_model!$G$2:$G$25,MATCH(G60,competency_model!$A$2:$A$25,0)),"") -> Medium | L60: 1 | M60: =MAX(0,J60-L60) -> 2 | N60: =IF(M60=0,"No Gap",IF(M60=1,"Minor",IF(M60=2,"Moderate","Critical"))) -> Moderate | O60: =IF(K60="High",3,IF(K60="Medium",2,1)) -> 2 | P60: =M60*O60 -> 4 | Q60: =IF(L60>=J60,"Ready","Development Needed") -> Development Needed | R60: Missing | S60: 46039.863 | T60: =TODAY()-S60 -> 162.13738 | U60: Self | V60: Needs practical project evidence | W60: =IF(R60="Missing","Missing evidence",IF(T60>365,"Stale assessment",IF(COUNTIFS($B$2:$B$264,B60,$G$2:$G$264,G60)>1,"Duplicate competency record",IF(INDEX(employees!$H$2:$H$37,MATCH(B60,employees!$A$2:$A$37,0))="Inactive","Inactive account","OK")))) -> Missing evidence
A61: A0060 | B61: E008 | C61: =IFERROR(INDEX(employees!$B$2:$B$37,MATCH(B61,employees!$A$2:$A$37,0)),"") -> Morgan Williams | D61: =IFERROR(INDEX(employees!$C$2:$C$37,MATCH(B61,employees!$A$2:$A$37,0)),"") -> HVDC | E61: =IFERROR(INDEX(employees!$D$2:$D$37,MATCH(B61,employees!$A$2:$A$37,0)),"") -> Systems Engineering | F61: =IFERROR(INDEX(employees!$E$2:$E$37,MATCH(B61,employees!$A$2:$A$37,0)),"") -> Engineer | G61: C009 | H61: =IFERROR(INDEX(competency_model!$C$2:$C$25,MATCH(G61,competency_model!$A$2:$A$25,0)),"") -> Power Systems Knowledge | I61: =IFERROR(INDEX(competency_model!$D$2:$D$25,MATCH(G61,competency_model!$A$2:$A$25,0)),"") -> HVDC System Concepts | J61: =IFERROR(INDEX(competency_model!$F$2:$F$25,MATCH(G61,competency_model!$A$2:$A$25,0)),"") -> 3 | K61: =IFERROR(INDEX(competency_model!$G$2:$G$25,MATCH(G61,competency_model!$A$2:$A$25,0)),"") -> High | L61: 1 | M61: =MAX(0,J61-L61) -> 2 | N61: =IF(M61=0,"No Gap",IF(M61=1,"Minor",IF(M61=2,"Moderate","Critical"))) -> Moderate | O61: =IF(K61="High",3,IF(K61="Medium",2,1)) -> 3 | P61: =M61*O61 -> 6 | Q61: =IF(L61>=J61,"Ready","Development Needed") -> Development Needed | R61: Verified | S61: 45675.403 | T61: =TODAY()-S61 -> 526.59663 | U61: Self | V61: Needs evidence upload | W61: =IF(R61="Missing","Missing evidence",IF(T61>365,"Stale assessment",IF(COUNTIFS($B$2:$B$264,B61,$G$2:$G$264,G61)>1,"Duplicate competency record",IF(INDEX(employees!$H$2:$H$37,MATCH(B61,employees!$A$2:$A$37,0))="Inactive","Inactive account","OK")))) -> Stale assessment
A62: A0061 | B62: E009 | C62: =IFERROR(INDEX(employees!$B$2:$B$37,MATCH(B62,employees!$A$2:$A$37,0)),"") -> Riley Morgan | D62: =IFERROR(INDEX(employees!$C$2:$C$37,MATCH(B62,employees!$A$2:$A$37,0)),"") -> Systems Engineering | E62: =IFERROR(INDEX(employees!$D$2:$D$37,MATCH(B62,employees!$A$2:$A$37,0)),"") -> Testing & Validation | F62: =IFERROR(INDEX(employees!$E$2:$E$37,MATCH(B62,employees!$A$2:$A$37,0)),"") -> Graduate | G62: C004 | H62: =IFERROR(INDEX(competency_model!$C$2:$C$25,MATCH(G62,competency_model!$A$2:$A$25,0)),"") -> Excel Reporting | I62: =IFERROR(INDEX(competency_model!$D$2:$D$25,MATCH(G62,competency_model!$A$2:$A$25,0)),"") -> PivotTables and Power Query | J62: =IFERROR(INDEX(competency_model!$F$2:$F$25,MATCH(G62,competency_model!$A$2:$A$25,0)),"") -> 4 | K62: =IFERROR(INDEX(competency_model!$G$2:$G$25,MATCH(G62,competency_model!$A$2:$A$25,0)),"") -> High | L62: 3 | M62: =MAX(0,J62-L62) -> 1 | N62: =IF(M62=0,"No Gap",IF(M62=1,"Minor",IF(M62=2,"Moderate","Critical"))) -> Minor | O62: =IF(K62="High",3,IF(K62="Medium",2,1)) -> 3 | P62: =M62*O62 -> 3 | Q62: =IF(L62>=J62,"Ready","Development Needed") -> Development Needed | R62: Partial | S62: 46074.367 | T62: =TODAY()-S62 -> 127.63331 | U62: Self | V62: Discuss training route with leader | W62: =IF(R62="Missing","Missing evidence",IF(T62>365,"Stale assessment",IF(COUNTIFS($B$2:$B$264,B62,$G$2:$G$264,G62)>1,"Duplicate competency record",IF(INDEX(employees!$H$2:$H$37,MATCH(B62,employees!$A$2:$A$37,0))="Inactive","Inactive account","OK")))) -> OK
A63: A0062 | B63: E009 | C63: =IFERROR(INDEX(employees!$B$2:$B$37,MATCH(B63,employees!$A$2:$A$37,0)),"") -> Riley Morgan | D63: =IFERROR(INDEX(employees!$C$2:$C$37,MATCH(B63,employees!$A$2:$A$37,0)),"") -> Systems Engineering | E63: =IFERROR(INDEX(employees!$D$2:$D$37,MATCH(B63,employees!$A$2:$A$37,0)),"") -> Testing & Validation | F63: =IFERROR(INDEX(employees!$E$2:$E$37,MATCH(B63,employees!$A$2:$A$37,0)),"") -> Graduate | G63: C011 | H63: =IFERROR(INDEX(competency_model!$C$2:$C$25,MATCH(G63,competency_model!$A$2:$A$25,0)),"") -> Testing & Validation | I63: =IFERROR(INDEX(competency_model!$D$2:$D$25,MATCH(G63,competency_model!$A$2:$A$25,0)),"") -> Defect Investigation | J63: =IFERROR(INDEX(competency_model!$F$2:$F$25,MATCH(G63,competency_model!$A$2:$A$25,0)),"") -> 3 | K63: =IFERROR(INDEX(competency_model!$G$2:$G$25,MATCH(G63,competency_model!$A$2:$A$25,0)),"") -> Medium | L63: 3 | M63: =MAX(0,J63-L63) -> 0 | N63: =IF(M63=0,"No Gap",IF(M63=1,"Minor",IF(M63=2,"Moderate","Critical"))) -> No Gap | O63: =IF(K63="High",3,IF(K63="Medium",2,1)) -> 2 | P63: =M63*O63 -> 0 | Q63: =IF(L63>=J63,"Ready","Development Needed") -> Ready | R63: Verified | S63: 46042.815 | T63: =TODAY()-S63 -> 159.18487 | U63: Manager | V63: Needs practical project evidence | W63: =IF(R63="Missing","Missing evidence",IF(T63>365,"Stale assessment",IF(COUNTIFS($B$2:$B$264,B63,$G$2:$G$264,G63)>1,"Duplicate competency record",IF(INDEX(employees!$H$2:$H$37,MATCH(B63,employees!$A$2:$A$37,0))="Inactive","Inactive account","OK")))) -> OK
A64: A0063 | B64: E009 | C64: =IFERROR(INDEX(employees!$B$2:$B$37,MATCH(B64,employees!$A$2:$A$37,0)),"") -> Riley Morgan | D64: =IFERROR(INDEX(employees!$C$2:$C$37,MATCH(B64,employees!$A$2:$A$37,0)),"") -> Systems Engineering | E64: =IFERROR(INDEX(employees!$D$2:$D$37,MATCH(B64,employees!$A$2:$A$37,0)),"") -> Testing & Validation | F64: =IFERROR(INDEX(employees!$E$2:$E$37,MATCH(B64,employees!$A$2:$A$37,0)),"") -> Graduate | G64: C018 | H64: =IFERROR(INDEX(competency_model!$C$2:$C$25,MATCH(G64,competency_model!$A$2:$A$25,0)),"") -> Data Quality | I64: =IFERROR(INDEX(competency_model!$D$2:$D$25,MATCH(G64,competency_model!$A$2:$A$25,0)),"") -> Assessment Evidence Validation | J64: =IFERROR(INDEX(competency_model!$F$2:$F$25,MATCH(G64,competency_model!$A$2:$A$25,0)),"") -> 4 | K64: =IFERROR(INDEX(competency_model!$G$2:$G$25,MATCH(G64,competency_model!$A$2:$A$25,0)),"") -> High | L64: 4 | M64: =MAX(0,J64-L64) -> 0 | N64: =IF(M64=0,"No Gap",IF(M64=1,"Minor",IF(M64=2,"Moderate","Critical"))) -> No Gap | O64: =IF(K64="High",3,IF(K64="Medium",2,1)) -> 3 | P64: =M64*O64 -> 0 | Q64: =IF(L64>=J64,"Ready","Development Needed") -> Ready | R64: Verified | S64: 45826.127 | T64: =TODAY()-S64 -> 375.8727 | U64: Self | W64: =IF(R64="Missing","Missing evidence",IF(T64>365,"Stale assessment",IF(COUNTIFS($B$2:$B$264,B64,$G$2:$G$264,G64)>1,"Duplicate competency record",IF(INDEX(employees!$H$2:$H$37,MATCH(B64,employees!$A$2:$A$37,0))="Inactive","Inactive account","OK")))) -> Stale assessment
A65: A0064 | B65: E009 | C65: =IFERROR(INDEX(employees!$B$2:$B$37,MATCH(B65,employees!$A$2:$A$37,0)),"") -> Riley Morgan | D65: =IFERROR(INDEX(employees!$C$2:$C$37,MATCH(B65,employees!$A$2:$A$37,0)),"") -> Systems Engineering | E65: =IFERROR(INDEX(employees!$D$2:$D$37,MATCH(B65,employees!$A$2:$A$37,0)),"") -> Testing & Validation | F65: =IFERROR(INDEX(employees!$E$2:$E$37,MATCH(B65,employees!$A$2:$A$37,0)),"") -> Graduate | G65: C010 | H65: =IFERROR(INDEX(competency_model!$C$2:$C$25,MATCH(G65,competency_model!$A$2:$A$25,0)),"") -> Testing & Validation | I65: =IFERROR(INDEX(competency_model!$D$2:$D$25,MATCH(G65,competency_model!$A$2:$A$25,0)),"") -> Test Evidence Review | J65: =IFERROR(INDEX(competency_model!$F$2:$F$25,MATCH(G65,competency_model!$A$2:$A$25,0)),"") -> 4 | K65: =IFERROR(INDEX(competency_model!$G$2:$G$25,MATCH(G65,competency_model!$A$2:$A$25,0)),"") -> High | L65: 1 | M65: =MAX(0,J65-L65) -> 3 | N65: =IF(M65=0,"No Gap",IF(M65=1,"Minor",IF(M65=2,"Moderate","Critical"))) -> Critical | O65: =IF(K65="High",3,IF(K65="Medium",2,1)) -> 3 | P65: =M65*O65 -> 9 | Q65: =IF(L65>=J65,"Ready","Development Needed") -> Development Needed | R65: Verified | S65: 45972.747 | T65: =TODAY()-S65 -> 229.25263 | U65: System | V65: Discuss training route with leader | W65: =IF(R65="Missing","Missing evidence",IF(T65>365,"Stale assessment",IF(COUNTIFS($B$2:$B$264,B65,$G$2:$G$264,G65)>1,"Duplicate competency record",IF(INDEX(employees!$H$2:$H$37,MATCH(B65,employees!$A$2:$A$37,0))="Inactive","Inactive account","OK")))) -> OK
A66: A0065 | B66: E009 | C66: =IFERROR(INDEX(employees!$B$2:$B$37,MATCH(B66,employees!$A$2:$A$37,0)),"") -> Riley Morgan | D66: =IFERROR(INDEX(employees!$C$2:$C$37,MATCH(B66,employees!$A$2:$A$37,0)),"") -> Systems Engineering | E66: =IFERROR(INDEX(employees!$D$2:$D$37,MATCH(B66,employees!$A$2:$A$37,0)),"") -> Testing & Validation | F66: =IFERROR(INDEX(employees!$E$2:$E$37,MATCH(B66,employees!$A$2:$A$37,0)),"") -> Graduate | G66: C017 | H66: =IFERROR(INDEX(competency_model!$C$2:$C$25,MATCH(G66,competency_model!$A$2:$A$25,0)),"") -> Data Quality | I66: =IFERROR(INDEX(competency_model!$D$2:$D$25,MATCH(G66,competency_model!$A$2:$A$25,0)),"") -> Duplicate and Missing Value Checks | J66: =IFERROR(INDEX(competency_model!$F$2:$F$25,MATCH(G66,competency_model!$A$2:$A$25,0)),"") -> 4 | K66: =IFERROR(INDEX(competency_model!$G$2:$G$25,MATCH(G66,competency_model!$A$2:$A$25,0)),"") -> High | L66: 2 | M66: =MAX(0,J66-L66) -> 2 | N66: =IF(M66=0,"No Gap",IF(M66=1,"Minor",IF(M66=2,"Moderate","Critical"))) -> Moderate | O66: =IF(K66="High",3,IF(K66="Medium",2,1)) -> 3 | P66: =M66*O66 -> 6 | Q66: =IF(L66>=J66,"Ready","Development Needed") -> Development Needed | R66: Partial | S66: 46039.716 | T66: =TODAY()-S66 -> 162.28444 | U66: System | W66: =IF(R66="Missing","Missing evidence",IF(T66>365,"Stale assessment",IF(COUNTIFS($B$2:$B$264,B66,$G$2:$G$264,G66)>1,"Duplicate competency record",IF(INDEX(employees!$H$2:$H$37,MATCH(B66,employees!$A$2:$A$37,0))="Inactive","Inactive account","OK")))) -> OK
A67: A0066 | B67: E009 | C67: =IFERROR(INDEX(employees!$B$2:$B$37,MATCH(B67,employees!$A$2:$A$37,0)),"") -> Riley Morgan | D67: =IFERROR(INDEX(employees!$C$2:$C$37,MATCH(B67,employees!$A$2:$A$37,0)),"") -> Systems Engineering | E67: =IFERROR(INDEX(employees!$D$2:$D$37,MATCH(B67,employees!$A$2:$A$37,0)),"") -> Testing & Validation | F67: =IFERROR(INDEX(employees!$E$2:$E$37,MATCH(B67,employees!$A$2:$A$37,0)),"") -> Graduate | G67: C012 | H67: =IFERROR(INDEX(competency_model!$C$2:$C$25,MATCH(G67,competency_model!$A$2:$A$25,0)),"") -> Safety / Compliance | I67: =IFERROR(INDEX(competency_model!$D$2:$D$25,MATCH(G67,competency_model!$A$2:$A$25,0)),"") -> Engineering Safety Awareness | J67: =IFERROR(INDEX(competency_model!$F$2:$F$25,MATCH(G67,competency_model!$A$2:$A$25,0)),"") -> 4 | K67: =IFERROR(INDEX(competency_model!$G$2:$G$25,MATCH(G67,competency_model!$A$2:$A$25,0)),"") -> High | L67: 4 | M67: =MAX(0,J67-L67) -> 0 | N67: =IF(M67=0,"No Gap",IF(M67=1,"Minor",IF(M67=2,"Moderate","Critical"))) -> No Gap | O67: =IF(K67="High",3,IF(K67="Medium",2,1)) -> 3 | P67: =M67*O67 -> 0 | Q67: =IF(L67>=J67,"Ready","Development Needed") -> Ready | R67: Partial | S67: 46102.532 | T67: =TODAY()-S67 -> 99.467953 | U67: Self | W67: =IF(R67="Missing","Missing evidence",IF(T67>365,"Stale assessment",IF(COUNTIFS($B$2:$B$264,B67,$G$2:$G$264,G67)>1,"Duplicate competency record",IF(INDEX(employees!$H$2:$H$37,MATCH(B67,employees!$A$2:$A$37,0))="Inactive","Inactive account","OK")))) -> OK
A68: A0067 | B68: E009 | C68: =IFERROR(INDEX(employees!$B$2:$B$37,MATCH(B68,employees!$A$2:$A$37,0)),"") -> Riley Morgan | D68: =IFERROR(INDEX(employees!$C$2:$C$37,MATCH(B68,employees!$A$2:$A$37,0)),"") -> Systems Engineering | E68: =IFERROR(INDEX(employees!$D$2:$D$37,MATCH(B68,employees!$A$2:$A$37,0)),"") -> Testing & Validation | F68: =IFERROR(INDEX(employees!$E$2:$E$37,MATCH(B68,employees!$A$2:$A$37,0)),"") -> Graduate | G68: C013 | H68: =IFERROR(INDEX(competency_model!$C$2:$C$25,MATCH(G68,competency_model!$A$2:$A$25,0)),"") -> Stakeholder Communication | I68: =IFERROR(INDEX(competency_model!$D$2:$D$25,MATCH(G68,competency_model!$A$2:$A$25,0)),"") -> Non-Technical Explanation | J68: =IFERROR(INDEX(competency_model!$F$2:$F$25,MATCH(G68,competency_model!$A$2:$A$25,0)),"") -> 3 | K68: =IFERROR(INDEX(competency_model!$G$2:$G$25,MATCH(G68,competency_model!$A$2:$A$25,0)),"") -> Medium | L68: 3 | M68: =MAX(0,J68-L68) -> 0 | N68: =IF(M68=0,"No Gap",IF(M68=1,"Minor",IF(M68=2,"Moderate","Critical"))) -> No Gap | O68: =IF(K68="High",3,IF(K68="Medium",2,1)) -> 2 | P68: =M68*O68 -> 0 | Q68: =IF(L68>=J68,"Ready","Development Needed") -> Ready | R68: Verified | S68: 45709.082 | T68: =TODAY()-S68 -> 492.91845 | U68: Self | V68: Needs practical project evidence | W68: =IF(R68="Missing","Missing evidence",IF(T68>365,"Stale assessment",IF(COUNTIFS($B$2:$B$264,B68,$G$2:$G$264,G68)>1,"Duplicate competency record",IF(INDEX(employees!$H$2:$H$37,MATCH(B68,employees!$A$2:$A$37,0))="Inactive","Inactive account","OK")))) -> Stale assessment
A69: A0068 | B69: E010 | C69: =IFERROR(INDEX(employees!$B$2:$B$37,MATCH(B69,employees!$A$2:$A$37,0)),"") -> Jordan Khan | D69: =IFERROR(INDEX(employees!$C$2:$C$37,MATCH(B69,employees!$A$2:$A$37,0)),"") -> HVDC | E69: =IFERROR(INDEX(employees!$D$2:$D$37,MATCH(B69,employees!$A$2:$A$37,0)),"") -> Data & Reporting | F69: =IFERROR(INDEX(employees!$E$2:$E$37,MATCH(B69,employees!$A$2:$A$37,0)),"") -> Senior Engineer | G69: C006 | H69: =IFERROR(INDEX(competency_model!$C$2:$C$25,MATCH(G69,competency_model!$A$2:$A$25,0)),"") -> PowerPoint Presentation | I69: =IFERROR(INDEX(competency_model!$D$2:$D$25,MATCH(G69,competency_model!$A$2:$A$25,0)),"") -> Leadership Storytelling | J69: =IFERROR(INDEX(competency_model!$F$2:$F$25,MATCH(G69,competency_model!$A$2:$A$25,0)),"") -> 3 | K69: =IFERROR(INDEX(competency_model!$G$2:$G$25,MATCH(G69,competency_model!$A$2:$A$25,0)),"") -> Medium | L69: 1 | M69: =MAX(0,J69-L69) -> 2 | N69: =IF(M69=0,"No Gap",IF(M69=1,"Minor",IF(M69=2,"Moderate","Critical"))) -> Moderate | O69: =IF(K69="High",3,IF(K69="Medium",2,1)) -> 2 | P69: =M69*O69 -> 4 | Q69: =IF(L69>=J69,"Ready","Development Needed") -> Development Needed | R69: Verified | S69: 46151.835 | T69: =TODAY()-S69 -> 50.165321 | U69: Manager | V69: Needs practical project evidence | W69: =IF(R69="Missing","Missing evidence",IF(T69>365,"Stale assessment",IF(COUNTIFS($B$2:$B$264,B69,$G$2:$G$264,G69)>1,"Duplicate competency record",IF(INDEX(employees!$H$2:$H$37,MATCH(B69,employees!$A$2:$A$37,0))="Inactive","Inactive account","OK")))) -> OK
A70: A0069 | B70: E010 | C70: =IFERROR(INDEX(employees!$B$2:$B$37,MATCH(B70,employees!$A$2:$A$37,0)),"") -> Jordan Khan | D70: =IFERROR(INDEX(employees!$C$2:$C$37,MATCH(B70,employees!$A$2:$A$37,0)),"") -> HVDC | E70: =IFERROR(INDEX(employees!$D$2:$D$37,MATCH(B70,employees!$A$2:$A$37,0)),"") -> Data & Reporting | F70: =IFERROR(INDEX(employees!$E$2:$E$37,MATCH(B70,employees!$A$2:$A$37,0)),"") -> Senior Engineer | G70: C012 | H70: =IFERROR(INDEX(competency_model!$C$2:$C$25,MATCH(G70,competency_model!$A$2:$A$25,0)),"") -> Safety / Compliance | I70: =IFERROR(INDEX(competency_model!$D$2:$D$25,MATCH(G70,competency_model!$A$2:$A$25,0)),"") -> Engineering Safety Awareness | J70: =IFERROR(INDEX(competency_model!$F$2:$F$25,MATCH(G70,competency_model!$A$2:$A$25,0)),"") -> 4 | K70: =IFERROR(INDEX(competency_model!$G$2:$G$25,MATCH(G70,competency_model!$A$2:$A$25,0)),"") -> High | L70: 2 | M70: =MAX(0,J70-L70) -> 2 | N70: =IF(M70=0,"No Gap",IF(M70=1,"Minor",IF(M70=2,"Moderate","Critical"))) -> Moderate | O70: =IF(K70="High",3,IF(K70="Medium",2,1)) -> 3 | P70: =M70*O70 -> 6 | Q70: =IF(L70>=J70,"Ready","Development Needed") -> Development Needed | R70: Missing | S70: 46153.034 | T70: =TODAY()-S70 -> 48.966495 | U70: Manager | W70: =IF(R70="Missing","Missing evidence",IF(T70>365,"Stale assessment",IF(COUNTIFS($B$2:$B$264,B70,$G$2:$G$264,G70)>1,"Duplicate competency record",IF(INDEX(employees!$H$2:$H$37,MATCH(B70,employees!$A$2:$A$37,0))="Inactive","Inactive account","OK")))) -> Missing evidence
A71: A0070 | B71: E010 | C71: =IFERROR(INDEX(employees!$B$2:$B$37,MATCH(B71,employees!$A$2:$A$37,0)),"") -> Jordan Khan | D71: =IFERROR(INDEX(employees!$C$2:$C$37,MATCH(B71,employees!$A$2:$A$37,0)),"") -> HVDC | E71: =IFERROR(INDEX(employees!$D$2:$D$37,MATCH(B71,employees!$A$2:$A$37,0)),"") -> Data & Reporting | F71: =IFERROR(INDEX(employees!$E$2:$E$37,MATCH(B71,employees!$A$2:$A$37,0)),"") -> Senior Engineer | G71: C001 | H71: =IFERROR(INDEX(competency_model!$C$2:$C$25,MATCH(G71,competency_model!$A$2:$A$25,0)),"") -> Data Analysis | I71: =IFERROR(INDEX(competency_model!$D$2:$D$25,MATCH(G71,competency_model!$A$2:$A$25,0)),"") -> Excel Data Cleaning | J71: =IFERROR(INDEX(competency_model!$F$2:$F$25,MATCH(G71,competency_model!$A$2:$A$25,0)),"") -> 4 | K71: =IFERROR(INDEX(competency_model!$G$2:$G$25,MATCH(G71,competency_model!$A$2:$A$25,0)),"") -> High | L71: 3 | M71: =MAX(0,J71-L71) -> 1 | N71: =IF(M71=0,"No Gap",IF(M71=1,"Minor",IF(M71=2,"Moderate","Critical"))) -> Minor | O71: =IF(K71="High",3,IF(K71="Medium",2,1)) -> 3 | P71: =M71*O71 -> 3 | Q71: =IF(L71>=J71,"Ready","Development Needed") -> Development Needed | R71: Verified | S71: 46013.732 | T71: =TODAY()-S71 -> 188.26752 | U71: Manager | V71: Needs practical project evidence | W71: =IF(R71="Missing","Missing evidence",IF(T71>365,"Stale assessment",IF(COUNTIFS($B$2:$B$264,B71,$G$2:$G$264,G71)>1,"Duplicate competency record",IF(INDEX(employees!$H$2:$H$37,MATCH(B71,employees!$A$2:$A$37,0))="Inactive","Inactive account","OK")))) -> OK
A72: A0071 | B72: E010 | C72: =IFERROR(INDEX(employees!$B$2:$B$37,MATCH(B72,employees!$A$2:$A$37,0)),"") -> Jordan Khan | D72: =IFERROR(INDEX(employees!$C$2:$C$37,MATCH(B72,employees!$A$2:$A$37,0)),"") -> HVDC | E72: =IFERROR(INDEX(employees!$D$2:$D$37,MATCH(B72,employees!$A$2:$A$37,0)),"") -> Data & Reporting | F72: =IFERROR(INDEX(employees!$E$2:$E$37,MATCH(B72,employees!$A$2:$A$37,0)),"") -> Senior Engineer | G72: C013 | H72: =IFERROR(INDEX(competency_model!$C$2:$C$25,MATCH(G72,competency_model!$A$2:$A$25,0)),"") -> Stakeholder Communication | I72: =IFERROR(INDEX(competency_model!$D$2:$D$25,MATCH(G72,competency_model!$A$2:$A$25,0)),"") -> Non-Technical Explanation | J72: =IFERROR(INDEX(competency_model!$F$2:$F$25,MATCH(G72,competency_model!$A$2:$A$25,0)),"") -> 3 | K72: =IFERROR(INDEX(competency_model!$G$2:$G$25,MATCH(G72,competency_model!$A$2:$A$25,0)),"") -> Medium | L72: 1 | M72: =MAX(0,J72-L72) -> 2 | N72: =IF(M72=0,"No Gap",IF(M72=1,"Minor",IF(M72=2,"Moderate","Critical"))) -> Moderate | O72: =IF(K72="High",3,IF(K72="Medium",2,1)) -> 2 | P72: =M72*O72 -> 4 | Q72: =IF(L72>=J72,"Ready","Development Needed") -> Development Needed | R72: Missing | S72: 45966.005 | T72: =TODAY()-S72 -> 235.99454 | U72: Manager | V72: Needs evidence upload | W72: =IF(R72="Missing","Missing evidence",IF(T72>365,"Stale assessment",IF(COUNTIFS($B$2:$B$264,B72,$G$2:$G$264,G72)>1,"Duplicate competency record",IF(INDEX(employees!$H$2:$H$37,MATCH(B72,employees!$A$2:$A$37,0))="Inactive","Inactive account","OK")))) -> Missing evidence
A73: A0072 | B73: E010 | C73: =IFERROR(INDEX(employees!$B$2:$B$37,MATCH(B73,employees!$A$2:$A$37,0)),"") -> Jordan Khan | D73: =IFERROR(INDEX(employees!$C$2:$C$37,MATCH(B73,employees!$A$2:$A$37,0)),"") -> HVDC | E73: =IFERROR(INDEX(employees!$D$2:$D$37,MATCH(B73,employees!$A$2:$A$37,0)),"") -> Data & Reporting | F73: =IFERROR(INDEX(employees!$E$2:$E$37,MATCH(B73,employees!$A$2:$A$37,0)),"") -> Senior Engineer | G73: C004 | H73: =IFERROR(INDEX(competency_model!$C$2:$C$25,MATCH(G73,competency_model!$A$2:$A$25,0)),"") -> Excel Reporting | I73: =IFERROR(INDEX(competency_model!$D$2:$D$25,MATCH(G73,competency_model!$A$2:$A$25,0)),"") -> PivotTables and Power Query | J73: =IFERROR(INDEX(competency_model!$F$2:$F$25,MATCH(G73,competency_model!$A$2:$A$25,0)),"") -> 4 | K73: =IFERROR(INDEX(competency_model!$G$2:$G$25,MATCH(G73,competency_model!$A$2:$A$25,0)),"") -> High | L73: 1 | M73: =MAX(0,J73-L73) -> 3 | N73: =IF(M73=0,"No Gap",IF(M73=1,"Minor",IF(M73=2,"Moderate","Critical"))) -> Critical | O73: =IF(K73="High",3,IF(K73="Medium",2,1)) -> 3 | P73: =M73*O73 -> 9 | Q73: =IF(L73>=J73,"Ready","Development Needed") -> Development Needed | R73: Verified | S73: 45833.172 | T73: =TODAY()-S73 -> 368.8283 | U73: Self | W73: =IF(R73="Missing","Missing evidence",IF(T73>365,"Stale assessment",IF(COUNTIFS($B$2:$B$264,B73,$G$2:$G$264,G73)>1,"Duplicate competency record",IF(INDEX(employees!$H$2:$H$37,MATCH(B73,employees!$A$2:$A$37,0))="Inactive","Inactive account","OK")))) -> Stale assessment
A74: A0073 | B74: E010 | C74: =IFERROR(INDEX(employees!$B$2:$B$37,MATCH(B74,employees!$A$2:$A$37,0)),"") -> Jordan Khan | D74: =IFERROR(INDEX(employees!$C$2:$C$37,MATCH(B74,employees!$A$2:$A$37,0)),"") -> HVDC | E74: =IFERROR(INDEX(employees!$D$2:$D$37,MATCH(B74,employees!$A$2:$A$37,0)),"") -> Data & Reporting | F74: =IFERROR(INDEX(employees!$E$2:$E$37,MATCH(B74,employees!$A$2:$A$37,0)),"") -> Senior Engineer | G74: C018 | H74: =IFERROR(INDEX(competency_model!$C$2:$C$25,MATCH(G74,competency_model!$A$2:$A$25,0)),"") -> Data Quality | I74: =IFERROR(INDEX(competency_model!$D$2:$D$25,MATCH(G74,competency_model!$A$2:$A$25,0)),"") -> Assessment Evidence Validation | J74: =IFERROR(INDEX(competency_model!$F$2:$F$25,MATCH(G74,competency_model!$A$2:$A$25,0)),"") -> 4 | K74: =IFERROR(INDEX(competency_model!$G$2:$G$25,MATCH(G74,competency_model!$A$2:$A$25,0)),"") -> High | L74: 4 | M74: =MAX(0,J74-L74) -> 0 | N74: =IF(M74=0,"No Gap",IF(M74=1,"Minor",IF(M74=2,"Moderate","Critical"))) -> No Gap | O74: =IF(K74="High",3,IF(K74="Medium",2,1)) -> 3 | P74: =M74*O74 -> 0 | Q74: =IF(L74>=J74,"Ready","Development Needed") -> Ready | R74: Missing | S74: 45989.628 | T74: =TODAY()-S74 -> 212.37156 | U74: Manager | V74: Needs evidence upload | W74: =IF(R74="Missing","Missing evidence",IF(T74>365,"Stale assessment",IF(COUNTIFS($B$2:$B$264,B74,$G$2:$G$264,G74)>1,"Duplicate competency record",IF(INDEX(employees!$H$2:$H$37,MATCH(B74,employees!$A$2:$A$37,0))="Inactive","Inactive account","OK")))) -> Missing evidence
A75: A0074 | B75: E010 | C75: =IFERROR(INDEX(employees!$B$2:$B$37,MATCH(B75,employees!$A$2:$A$37,0)),"") -> Jordan Khan | D75: =IFERROR(INDEX(employees!$C$2:$C$37,MATCH(B75,employees!$A$2:$A$37,0)),"") -> HVDC | E75: =IFERROR(INDEX(employees!$D$2:$D$37,MATCH(B75,employees!$A$2:$A$37,0)),"") -> Data & Reporting | F75: =IFERROR(INDEX(employees!$E$2:$E$37,MATCH(B75,employees!$A$2:$A$37,0)),"") -> Senior Engineer | G75: C022 | H75: =IFERROR(INDEX(competency_model!$C$2:$C$25,MATCH(G75,competency_model!$A$2:$A$25,0)),"") -> Tableau | I75: =IFERROR(INDEX(competency_model!$D$2:$D$25,MATCH(G75,competency_model!$A$2:$A$25,0)),"") -> Dashboard Filtering and Actions | J75: =IFERROR(INDEX(competency_model!$F$2:$F$25,MATCH(G75,competency_model!$A$2:$A$25,0)),"") -> 3 | K75: =IFERROR(INDEX(competency_model!$G$2:$G$25,MATCH(G75,competency_model!$A$2:$A$25,0)),"") -> Medium | L75: 3 | M75: =MAX(0,J75-L75) -> 0 | N75: =IF(M75=0,"No Gap",IF(M75=1,"Minor",IF(M75=2,"Moderate","Critical"))) -> No Gap | O75: =IF(K75="High",3,IF(K75="Medium",2,1)) -> 2 | P75: =M75*O75 -> 0 | Q75: =IF(L75>=J75,"Ready","Development Needed") -> Ready | R75: Missing | S75: 46085.111 | T75: =TODAY()-S75 -> 116.88912 | U75: Self | V75: Needs practical project evidence | W75: =IF(R75="Missing","Missing evidence",IF(T75>365,"Stale assessment",IF(COUNTIFS($B$2:$B$264,B75,$G$2:$G$264,G75)>1,"Duplicate competency record",IF(INDEX(employees!$H$2:$H$37,MATCH(B75,employees!$A$2:$A$37,0))="Inactive","Inactive account","OK")))) -> Missing evidence
A76: A0075 | B76: E011 | C76: =IFERROR(INDEX(employees!$B$2:$B$37,MATCH(B76,employees!$A$2:$A$37,0)),"") -> Casey Walker | D76: =IFERROR(INDEX(employees!$C$2:$C$37,MATCH(B76,employees!$A$2:$A$37,0)),"") -> Systems Engineering | E76: =IFERROR(INDEX(employees!$D$2:$D$37,MATCH(B76,employees!$A$2:$A$37,0)),"") -> Software Engineering | F76: =IFERROR(INDEX(employees!$E$2:$E$37,MATCH(B76,employees!$A$2:$A$37,0)),"") -> Graduate | G76: C013 | H76: =IFERROR(INDEX(competency_model!$C$2:$C$25,MATCH(G76,competency_model!$A$2:$A$25,0)),"") -> Stakeholder Communication | I76: =IFERROR(INDEX(competency_model!$D$2:$D$25,MATCH(G76,competency_model!$A$2:$A$25,0)),"") -> Non-Technical Explanation | J76: =IFERROR(INDEX(competency_model!$F$2:$F$25,MATCH(G76,competency_model!$A$2:$A$25,0)),"") -> 3 | K76: =IFERROR(INDEX(competency_model!$G$2:$G$25,MATCH(G76,competency_model!$A$2:$A$25,0)),"") -> Medium | L76: 1 | M76: =MAX(0,J76-L76) -> 2 | N76: =IF(M76=0,"No Gap",IF(M76=1,"Minor",IF(M76=2,"Moderate","Critical"))) -> Moderate | O76: =IF(K76="High",3,IF(K76="Medium",2,1)) -> 2 | P76: =M76*O76 -> 4 | Q76: =IF(L76>=J76,"Ready","Development Needed") -> Development Needed | R76: Missing | S76: 46113.495 | T76: =TODAY()-S76 -> 88.504528 | U76: Self | V76: Ready for review | W76: =IF(R76="Missing","Missing evidence",IF(T76>365,"Stale assessment",IF(COUNTIFS($B$2:$B$264,B76,$G$2:$G$264,G76)>1,"Duplicate competency record",IF(INDEX(employees!$H$2:$H$37,MATCH(B76,employees!$A$2:$A$37,0))="Inactive","Inactive account","OK")))) -> Missing evidence
A77: A0076 | B77: E011 | C77: =IFERROR(INDEX(employees!$B$2:$B$37,MATCH(B77,employees!$A$2:$A$37,0)),"") -> Casey Walker | D77: =IFERROR(INDEX(employees!$C$2:$C$37,MATCH(B77,employees!$A$2:$A$37,0)),"") -> Systems Engineering | E77: =IFERROR(INDEX(employees!$D$2:$D$37,MATCH(B77,employees!$A$2:$A$37,0)),"") -> Software Engineering | F77: =IFERROR(INDEX(employees!$E$2:$E$37,MATCH(B77,employees!$A$2:$A$37,0)),"") -> Graduate | G77: C017 | H77: =IFERROR(INDEX(competency_model!$C$2:$C$25,MATCH(G77,competency_model!$A$2:$A$25,0)),"") -> Data Quality | I77: =IFERROR(INDEX(competency_model!$D$2:$D$25,MATCH(G77,competency_model!$A$2:$A$25,0)),"") -> Duplicate and Missing Value Checks | J77: =IFERROR(INDEX(competency_model!$F$2:$F$25,MATCH(G77,competency_model!$A$2:$A$25,0)),"") -> 4 | K77: =IFERROR(INDEX(competency_model!$G$2:$G$25,MATCH(G77,competency_model!$A$2:$A$25,0)),"") -> High | L77: 3 | M77: =MAX(0,J77-L77) -> 1 | N77: =IF(M77=0,"No Gap",IF(M77=1,"Minor",IF(M77=2,"Moderate","Critical"))) -> Minor | O77: =IF(K77="High",3,IF(K77="Medium",2,1)) -> 3 | P77: =M77*O77 -> 3 | Q77: =IF(L77>=J77,"Ready","Development Needed") -> Development Needed | R77: Partial | S77: 45962.181 | T77: =TODAY()-S77 -> 239.81921 | U77: Self | V77: Discuss training route with leader | W77: =IF(R77="Missing","Missing evidence",IF(T77>365,"Stale assessment",IF(COUNTIFS($B$2:$B$264,B77,$G$2:$G$264,G77)>1,"Duplicate competency record",IF(INDEX(employees!$H$2:$H$37,MATCH(B77,employees!$A$2:$A$37,0))="Inactive","Inactive account","OK")))) -> OK
A78: A0077 | B78: E011 | C78: =IFERROR(INDEX(employees!$B$2:$B$37,MATCH(B78,employees!$A$2:$A$37,0)),"") -> Casey Walker | D78: =IFERROR(INDEX(employees!$C$2:$C$37,MATCH(B78,employees!$A$2:$A$37,0)),"") -> Systems Engineering | E78: =IFERROR(INDEX(employees!$D$2:$D$37,MATCH(B78,employees!$A$2:$A$37,0)),"") -> Software Engineering | F78: =IFERROR(INDEX(employees!$E$2:$E$37,MATCH(B78,employees!$A$2:$A$37,0)),"") -> Graduate | G78: C002 | H78: =IFERROR(INDEX(competency_model!$C$2:$C$25,MATCH(G78,competency_model!$A$2:$A$25,0)),"") -> Data Analysis | I78: =IFERROR(INDEX(competency_model!$D$2:$D$25,MATCH(G78,competency_model!$A$2:$A$25,0)),"") -> Python Data Cleaning | J78: =IFERROR(INDEX(competency_model!$F$2:$F$25,MATCH(G78,competency_model!$A$2:$A$25,0)),"") -> 4 | K78: =IFERROR(INDEX(competency_model!$G$2:$G$25,MATCH(G78,competency_model!$A$2:$A$25,0)),"") -> High | L78: 4 | M78: =MAX(0,J78-L78) -> 0 | N78: =IF(M78=0,"No Gap",IF(M78=1,"Minor",IF(M78=2,"Moderate","Critical"))) -> No Gap | O78: =IF(K78="High",3,IF(K78="Medium",2,1)) -> 3 | P78: =M78*O78 -> 0 | Q78: =IF(L78>=J78,"Ready","Development Needed") -> Ready | R78: Partial | S78: 46145.215 | T78: =TODAY()-S78 -> 56.785377 | U78: Manager | V78: Needs evidence upload | W78: =IF(R78="Missing","Missing evidence",IF(T78>365,"Stale assessment",IF(COUNTIFS($B$2:$B$264,B78,$G$2:$G$264,G78)>1,"Duplicate competency record",IF(INDEX(employees!$H$2:$H$37,MATCH(B78,employees!$A$2:$A$37,0))="Inactive","Inactive account","OK")))) -> OK
A79: A0078 | B79: E011 | C79: =IFERROR(INDEX(employees!$B$2:$B$37,MATCH(B79,employees!$A$2:$A$37,0)),"") -> Casey Walker | D79: =IFERROR(INDEX(employees!$C$2:$C$37,MATCH(B79,employees!$A$2:$A$37,0)),"") -> Systems Engineering | E79: =IFERROR(INDEX(employees!$D$2:$D$37,MATCH(B79,employees!$A$2:$A$37,0)),"") -> Software Engineering | F79: =IFERROR(INDEX(employees!$E$2:$E$37,MATCH(B79,employees!$A$2:$A$37,0)),"") -> Graduate | G79: C007 | H79: =IFERROR(INDEX(competency_model!$C$2:$C$25,MATCH(G79,competency_model!$A$2:$A$25,0)),"") -> Engineering Documentation | I79: =IFERROR(INDEX(competency_model!$D$2:$D$25,MATCH(G79,competency_model!$A$2:$A$25,0)),"") -> Technical Documentation | J79: =IFERROR(INDEX(competency_model!$F$2:$F$25,MATCH(G79,competency_model!$A$2:$A$25,0)),"") -> 4 | K79: =IFERROR(INDEX(competency_model!$G$2:$G$25,MATCH(G79,competency_model!$A$2:$A$25,0)),"") -> High | L79: 2 | M79: =MAX(0,J79-L79) -> 2 | N79: =IF(M79=0,"No Gap",IF(M79=1,"Minor",IF(M79=2,"Moderate","Critical"))) -> Moderate | O79: =IF(K79="High",3,IF(K79="Medium",2,1)) -> 3 | P79: =M79*O79 -> 6 | Q79: =IF(L79>=J79,"Ready","Development Needed") -> Development Needed | R79: Verified | S79: 46168.853 | T79: =TODAY()-S79 -> 33.147279 | U79: Manager | W79: =IF(R79="Missing","Missing evidence",IF(T79>365,"Stale assessment",IF(COUNTIFS($B$2:$B$264,B79,$G$2:$G$264,G79)>1,"Duplicate competency record",IF(INDEX(employees!$H$2:$H$37,MATCH(B79,employees!$A$2:$A$37,0))="Inactive","Inactive account","OK")))) -> OK
A80: A0079 | B80: E011 | C80: =IFERROR(INDEX(employees!$B$2:$B$37,MATCH(B80,employees!$A$2:$A$37,0)),"") -> Casey Walker | D80: =IFERROR(INDEX(employees!$C$2:$C$37,MATCH(B80,employees!$A$2:$A$37,0)),"") -> Systems Engineering | E80: =IFERROR(INDEX(employees!$D$2:$D$37,MATCH(B80,employees!$A$2:$A$37,0)),"") -> Software Engineering | F80: =IFERROR(INDEX(employees!$E$2:$E$37,MATCH(B80,employees!$A$2:$A$37,0)),"") -> Graduate | G80: C016 | H80: =IFERROR(INDEX(competency_model!$C$2:$C$25,MATCH(G80,competency_model!$A$2:$A$25,0)),"") -> Software Tools | I80: =IFERROR(INDEX(competency_model!$D$2:$D$25,MATCH(G80,competency_model!$A$2:$A$25,0)),"") -> Version Control with Git | J80: =IFERROR(INDEX(competency_model!$F$2:$F$25,MATCH(G80,competency_model!$A$2:$A$25,0)),"") -> 3 | K80: =IFERROR(INDEX(competency_model!$G$2:$G$25,MATCH(G80,competency_model!$A$2:$A$25,0)),"") -> Medium | L80: 1 | M80: =MAX(0,J80-L80) -> 2 | N80: =IF(M80=0,"No Gap",IF(M80=1,"Minor",IF(M80=2,"Moderate","Critical"))) -> Moderate | O80: =IF(K80="High",3,IF(K80="Medium",2,1)) -> 2 | P80: =M80*O80 -> 4 | Q80: =IF(L80>=J80,"Ready","Development Needed") -> Development Needed | R80: Partial | S80: 46125.183 | T80: =TODAY()-S80 -> 76.817328 | U80: Manager | V80: Needs evidence upload | W80: =IF(R80="Missing","Missing evidence",IF(T80>365,"Stale assessment",IF(COUNTIFS($B$2:$B$264,B80,$G$2:$G$264,G80)>1,"Duplicate competency record",IF(INDEX(employees!$H$2:$H$37,MATCH(B80,employees!$A$2:$A$37,0))="Inactive","Inactive account","OK")))) -> OK
A81: A0080 | B81: E011 | C81: =IFERROR(INDEX(employees!$B$2:$B$37,MATCH(B81,employees!$A$2:$A$37,0)),"") -> Casey Walker | D81: =IFERROR(INDEX(employees!$C$2:$C$37,MATCH(B81,employees!$A$2:$A$37,0)),"") -> Systems Engineering | E81: =IFERROR(INDEX(employees!$D$2:$D$37,MATCH(B81,employees!$A$2:$A$37,0)),"") -> Software Engineering | F81: =IFERROR(INDEX(employees!$E$2:$E$37,MATCH(B81,employees!$A$2:$A$37,0)),"") -> Graduate | G81: C020 | H81: =IFERROR(INDEX(competency_model!$C$2:$C$25,MATCH(G81,competency_model!$A$2:$A$25,0)),"") -> User Support | I81: =IFERROR(INDEX(competency_model!$D$2:$D$25,MATCH(G81,competency_model!$A$2:$A$25,0)),"") -> Competency Tool User Support | J81: =IFERROR(INDEX(competency_model!$F$2:$F$25,MATCH(G81,competency_model!$A$2:$A$25,0)),"") -> 3 | K81: =IFERROR(INDEX(competency_model!$G$2:$G$25,MATCH(G81,competency_model!$A$2:$A$25,0)),"") -> Medium | L81: 1 | M81: =MAX(0,J81-L81) -> 2 | N81: =IF(M81=0,"No Gap",IF(M81=1,"Minor",IF(M81=2,"Moderate","Critical"))) -> Moderate | O81: =IF(K81="High",3,IF(K81="Medium",2,1)) -> 2 | P81: =M81*O81 -> 4 | Q81: =IF(L81>=J81,"Ready","Development Needed") -> Development Needed | R81: Verified | S81: 46155.398 | T81: =TODAY()-S81 -> 46.601939 | U81: Manager | V81: Ready for review | W81: =IF(R81="Missing","Missing evidence",IF(T81>365,"Stale assessment",IF(COUNTIFS($B$2:$B$264,B81,$G$2:$G$264,G81)>1,"Duplicate competency record",IF(INDEX(employees!$H$2:$H$37,MATCH(B81,employees!$A$2:$A$37,0))="Inactive","Inactive account","OK")))) -> OK
A82: A0081 | B82: E011 | C82: =IFERROR(INDEX(employees!$B$2:$B$37,MATCH(B82,employees!$A$2:$A$37,0)),"") -> Casey Walker | D82: =IFERROR(INDEX(employees!$C$2:$C$37,MATCH(B82,employees!$A$2:$A$37,0)),"") -> Systems Engineering | E82: =IFERROR(INDEX(employees!$D$2:$D$37,MATCH(B82,employees!$A$2:$A$37,0)),"") -> Software Engineering | F82: =IFERROR(INDEX(employees!$E$2:$E$37,MATCH(B82,employees!$A$2:$A$37,0)),"") -> Graduate | G82: C006 | H82: =IFERROR(INDEX(competency_model!$C$2:$C$25,MATCH(G82,competency_model!$A$2:$A$25,0)),"") -> PowerPoint Presentation | I82: =IFERROR(INDEX(competency_model!$D$2:$D$25,MATCH(G82,competency_model!$A$2:$A$25,0)),"") -> Leadership Storytelling | J82: =IFERROR(INDEX(competency_model!$F$2:$F$25,MATCH(G82,competency_model!$A$2:$A$25,0)),"") -> 3 | K82: =IFERROR(INDEX(competency_model!$G$2:$G$25,MATCH(G82,competency_model!$A$2:$A$25,0)),"") -> Medium | L82: 1 | M82: =MAX(0,J82-L82) -> 2 | N82: =IF(M82=0,"No Gap",IF(M82=1,"Minor",IF(M82=2,"Moderate","Critical"))) -> Moderate | O82: =IF(K82="High",3,IF(K82="Medium",2,1)) -> 2 | P82: =M82*O82 -> 4 | Q82: =IF(L82>=J82,"Ready","Development Needed") -> Development Needed | R82: Missing | S82: 46085.644 | T82: =TODAY()-S82 -> 116.35647 | U82: Self | V82: Discuss training route with leader | W82: =IF(R82="Missing","Missing evidence",IF(T82>365,"Stale assessment",IF(COUNTIFS($B$2:$B$264,B82,$G$2:$G$264,G82)>1,"Duplicate competency record",IF(INDEX(employees!$H$2:$H$37,MATCH(B82,employees!$A$2:$A$37,0))="Inactive","Inactive account","OK")))) -> Missing evidence
A83: A0082 | B83: E011 | C83: =IFERROR(INDEX(employees!$B$2:$B$37,MATCH(B83,employees!$A$2:$A$37,0)),"") -> Casey Walker | D83: =IFERROR(INDEX(employees!$C$2:$C$37,MATCH(B83,employees!$A$2:$A$37,0)),"") -> Systems Engineering | E83: =IFERROR(INDEX(employees!$D$2:$D$37,MATCH(B83,employees!$A$2:$A$37,0)),"") -> Software Engineering | F83: =IFERROR(INDEX(employees!$E$2:$E$37,MATCH(B83,employees!$A$2:$A$37,0)),"") -> Graduate | G83: C015 | H83: =IFERROR(INDEX(competency_model!$C$2:$C$25,MATCH(G83,competency_model!$A$2:$A$25,0)),"") -> Python | I83: =IFERROR(INDEX(competency_model!$D$2:$D$25,MATCH(G83,competency_model!$A$2:$A$25,0)),"") -> Automation Scripting | J83: =IFERROR(INDEX(competency_model!$F$2:$F$25,MATCH(G83,competency_model!$A$2:$A$25,0)),"") -> 3 | K83: =IFERROR(INDEX(competency_model!$G$2:$G$25,MATCH(G83,competency_model!$A$2:$A$25,0)),"") -> Medium | L83: 3 | M83: =MAX(0,J83-L83) -> 0 | N83: =IF(M83=0,"No Gap",IF(M83=1,"Minor",IF(M83=2,"Moderate","Critical"))) -> No Gap | O83: =IF(K83="High",3,IF(K83="Medium",2,1)) -> 2 | P83: =M83*O83 -> 0 | Q83: =IF(L83>=J83,"Ready","Development Needed") -> Ready | R83: Verified | S83: 45728.041 | T83: =TODAY()-S83 -> 473.95938 | U83: Manager | W83: =IF(R83="Missing","Missing evidence",IF(T83>365,"Stale assessment",IF(COUNTIFS($B$2:$B$264,B83,$G$2:$G$264,G83)>1,"Duplicate competency record",IF(INDEX(employees!$H$2:$H$37,MATCH(B83,employees!$A$2:$A$37,0))="Inactive","Inactive account","OK")))) -> Stale assessment
A84: A0083 | B84: E012 | C84: =IFERROR(INDEX(employees!$B$2:$B$37,MATCH(B84,employees!$A$2:$A$37,0)),"") -> Morgan Khan | D84: =IFERROR(INDEX(employees!$C$2:$C$37,MATCH(B84,employees!$A$2:$A$37,0)),"") -> Systems Engineering | E84: =IFERROR(INDEX(employees!$D$2:$D$37,MATCH(B84,employees!$A$2:$A$37,0)),"") -> Testing & Validation | F84: =IFERROR(INDEX(employees!$E$2:$E$37,MATCH(B84,employees!$A$2:$A$37,0)),"") -> Lead Engineer | G84: C004 | H84: =IFERROR(INDEX(competency_model!$C$2:$C$25,MATCH(G84,competency_model!$A$2:$A$25,0)),"") -> Excel Reporting | I84: =IFERROR(INDEX(competency_model!$D$2:$D$25,MATCH(G84,competency_model!$A$2:$A$25,0)),"") -> PivotTables and Power Query | J84: =IFERROR(INDEX(competency_model!$F$2:$F$25,MATCH(G84,competency_model!$A$2:$A$25,0)),"") -> 4 | K84: =IFERROR(INDEX(competency_model!$G$2:$G$25,MATCH(G84,competency_model!$A$2:$A$25,0)),"") -> High | L84: 1 | M84: =MAX(0,J84-L84) -> 3 | N84: =IF(M84=0,"No Gap",IF(M84=1,"Minor",IF(M84=2,"Moderate","Critical"))) -> Critical | O84: =IF(K84="High",3,IF(K84="Medium",2,1)) -> 3 | P84: =M84*O84 -> 9 | Q84: =IF(L84>=J84,"Ready","Development Needed") -> Development Needed | R84: Partial | S84: 46060.064 | T84: =TODAY()-S84 -> 141.93639 | U84: Manager | V84: Needs practical project evidence | W84: =IF(R84="Missing","Missing evidence",IF(T84>365,"Stale assessment",IF(COUNTIFS($B$2:$B$264,B84,$G$2:$G$264,G84)>1,"Duplicate competency record",IF(INDEX(employees!$H$2:$H$37,MATCH(B84,employees!$A$2:$A$37,0))="Inactive","Inactive account","OK")))) -> OK
A85: A0084 | B85: E012 | C85: =IFERROR(INDEX(employees!$B$2:$B$37,MATCH(B85,employees!$A$2:$A$37,0)),"") -> Morgan Khan | D85: =IFERROR(INDEX(employees!$C$2:$C$37,MATCH(B85,employees!$A$2:$A$37,0)),"") -> Systems Engineering | E85: =IFERROR(INDEX(employees!$D$2:$D$37,MATCH(B85,employees!$A$2:$A$37,0)),"") -> Testing & Validation | F85: =IFERROR(INDEX(employees!$E$2:$E$37,MATCH(B85,employees!$A$2:$A$37,0)),"") -> Lead Engineer | G85: C012 | H85: =IFERROR(INDEX(competency_model!$C$2:$C$25,MATCH(G85,competency_model!$A$2:$A$25,0)),"") -> Safety / Compliance | I85: =IFERROR(INDEX(competency_model!$D$2:$D$25,MATCH(G85,competency_model!$A$2:$A$25,0)),"") -> Engineering Safety Awareness | J85: =IFERROR(INDEX(competency_model!$F$2:$F$25,MATCH(G85,competency_model!$A$2:$A$25,0)),"") -> 4 | K85: =IFERROR(INDEX(competency_model!$G$2:$G$25,MATCH(G85,competency_model!$A$2:$A$25,0)),"") -> High | L85: 2 | M85: =MAX(0,J85-L85) -> 2 | N85: =IF(M85=0,"No Gap",IF(M85=1,"Minor",IF(M85=2,"Moderate","Critical"))) -> Moderate | O85: =IF(K85="High",3,IF(K85="Medium",2,1)) -> 3 | P85: =M85*O85 -> 6 | Q85: =IF(L85>=J85,"Ready","Development Needed") -> Development Needed | R85: Missing | S85: 45765.795 | T85: =TODAY()-S85 -> 436.20464 | U85: System | V85: Discuss training route with leader | W85: =IF(R85="Missing","Missing evidence",IF(T85>365,"Stale assessment",IF(COUNTIFS($B$2:$B$264,B85,$G$2:$G$264,G85)>1,"Duplicate competency record",IF(INDEX(employees!$H$2:$H$37,MATCH(B85,employees!$A$2:$A$37,0))="Inactive","Inactive account","OK")))) -> Missing evidence
A86: A0085 | B86: E012 | C86: =IFERROR(INDEX(employees!$B$2:$B$37,MATCH(B86,employees!$A$2:$A$37,0)),"") -> Morgan Khan | D86: =IFERROR(INDEX(employees!$C$2:$C$37,MATCH(B86,employees!$A$2:$A$37,0)),"") -> Systems Engineering | E86: =IFERROR(INDEX(employees!$D$2:$D$37,MATCH(B86,employees!$A$2:$A$37,0)),"") -> Testing & Validation | F86: =IFERROR(INDEX(employees!$E$2:$E$37,MATCH(B86,employees!$A$2:$A$37,0)),"") -> Lead Engineer | G86: C018 | H86: =IFERROR(INDEX(competency_model!$C$2:$C$25,MATCH(G86,competency_model!$A$2:$A$25,0)),"") -> Data Quality | I86: =IFERROR(INDEX(competency_model!$D$2:$D$25,MATCH(G86,competency_model!$A$2:$A$25,0)),"") -> Assessment Evidence Validation | J86: =IFERROR(INDEX(competency_model!$F$2:$F$25,MATCH(G86,competency_model!$A$2:$A$25,0)),"") -> 4 | K86: =IFERROR(INDEX(competency_model!$G$2:$G$25,MATCH(G86,competency_model!$A$2:$A$25,0)),"") -> High | L86: 2 | M86: =MAX(0,J86-L86) -> 2 | N86: =IF(M86=0,"No Gap",IF(M86=1,"Minor",IF(M86=2,"Moderate","Critical"))) -> Moderate | O86: =IF(K86="High",3,IF(K86="Medium",2,1)) -> 3 | P86: =M86*O86 -> 6 | Q86: =IF(L86>=J86,"Ready","Development Needed") -> Development Needed | R86: Missing | S86: 45983.929 | T86: =TODAY()-S86 -> 218.0706 | U86: System | V86: Needs practical project evidence | W86: =IF(R86="Missing","Missing evidence",IF(T86>365,"Stale assessment",IF(COUNTIFS($B$2:$B$264,B86,$G$2:$G$264,G86)>1,"Duplicate competency record",IF(INDEX(employees!$H$2:$H$37,MATCH(B86,employees!$A$2:$A$37,0))="Inactive","Inactive account","OK")))) -> Missing evidence
A87: A0086 | B87: E012 | C87: =IFERROR(INDEX(employees!$B$2:$B$37,MATCH(B87,employees!$A$2:$A$37,0)),"") -> Morgan Khan | D87: =IFERROR(INDEX(employees!$C$2:$C$37,MATCH(B87,employees!$A$2:$A$37,0)),"") -> Systems Engineering | E87: =IFERROR(INDEX(employees!$D$2:$D$37,MATCH(B87,employees!$A$2:$A$37,0)),"") -> Testing & Validation | F87: =IFERROR(INDEX(employees!$E$2:$E$37,MATCH(B87,employees!$A$2:$A$37,0)),"") -> Lead Engineer | G87: C006 | H87: =IFERROR(INDEX(competency_model!$C$2:$C$25,MATCH(G87,competency_model!$A$2:$A$25,0)),"") -> PowerPoint Presentation | I87: =IFERROR(INDEX(competency_model!$D$2:$D$25,MATCH(G87,competency_model!$A$2:$A$25,0)),"") -> Leadership Storytelling | J87: =IFERROR(INDEX(competency_model!$F$2:$F$25,MATCH(G87,competency_model!$A$2:$A$25,0)),"") -> 3 | K87: =IFERROR(INDEX(competency_model!$G$2:$G$25,MATCH(G87,competency_model!$A$2:$A$25,0)),"") -> Medium | L87: 4 | M87: =MAX(0,J87-L87) -> 0 | N87: =IF(M87=0,"No Gap",IF(M87=1,"Minor",IF(M87=2,"Moderate","Critical"))) -> No Gap | O87: =IF(K87="High",3,IF(K87="Medium",2,1)) -> 2 | P87: =M87*O87 -> 0 | Q87: =IF(L87>=J87,"Ready","Development Needed") -> Ready | R87: Missing | S87: 46141.721 | T87: =TODAY()-S87 -> 60.279432 | U87: System | W87: =IF(R87="Missing","Missing evidence",IF(T87>365,"Stale assessment",IF(COUNTIFS($B$2:$B$264,B87,$G$2:$G$264,G87)>1,"Duplicate competency record",IF(INDEX(employees!$H$2:$H$37,MATCH(B87,employees!$A$2:$A$37,0))="Inactive","Inactive account","OK")))) -> Missing evidence
A88: A0087 | B88: E012 | C88: =IFERROR(INDEX(employees!$B$2:$B$37,MATCH(B88,employees!$A$2:$A$37,0)),"") -> Morgan Khan | D88: =IFERROR(INDEX(employees!$C$2:$C$37,MATCH(B88,employees!$A$2:$A$37,0)),"") -> Systems Engineering | E88: =IFERROR(INDEX(employees!$D$2:$D$37,MATCH(B88,employees!$A$2:$A$37,0)),"") -> Testing & Validation | F88: =IFERROR(INDEX(employees!$E$2:$E$37,MATCH(B88,employees!$A$2:$A$37,0)),"") -> Lead Engineer | G88: C010 | H88: =IFERROR(INDEX(competency_model!$C$2:$C$25,MATCH(G88,competency_model!$A$2:$A$25,0)),"") -> Testing & Validation | I88: =IFERROR(INDEX(competency_model!$D$2:$D$25,MATCH(G88,competency_model!$A$2:$A$25,0)),"") -> Test Evidence Review | J88: =IFERROR(INDEX(competency_model!$F$2:$F$25,MATCH(G88,competency_model!$A$2:$A$25,0)),"") -> 4 | K88: =IFERROR(INDEX(competency_model!$G$2:$G$25,MATCH(G88,competency_model!$A$2:$A$25,0)),"") -> High | L88: 1 | M88: =MAX(0,J88-L88) -> 3 | N88: =IF(M88=0,"No Gap",IF(M88=1,"Minor",IF(M88=2,"Moderate","Critical"))) -> Critical | O88: =IF(K88="High",3,IF(K88="Medium",2,1)) -> 3 | P88: =M88*O88 -> 9 | Q88: =IF(L88>=J88,"Ready","Development Needed") -> Development Needed | R88: Missing | S88: 45743.231 | T88: =TODAY()-S88 -> 458.76852 | U88: System | V88: Ready for review | W88: =IF(R88="Missing","Missing evidence",IF(T88>365,"Stale assessment",IF(COUNTIFS($B$2:$B$264,B88,$G$2:$G$264,G88)>1,"Duplicate competency record",IF(INDEX(employees!$H$2:$H$37,MATCH(B88,employees!$A$2:$A$37,0))="Inactive","Inactive account","OK")))) -> Missing evidence
A89: A0088 | B89: E012 | C89: =IFERROR(INDEX(employees!$B$2:$B$37,MATCH(B89,employees!$A$2:$A$37,0)),"") -> Morgan Khan | D89: =IFERROR(INDEX(employees!$C$2:$C$37,MATCH(B89,employees!$A$2:$A$37,0)),"") -> Systems Engineering | E89: =IFERROR(INDEX(employees!$D$2:$D$37,MATCH(B89,employees!$A$2:$A$37,0)),"") -> Testing & Validation | F89: =IFERROR(INDEX(employees!$E$2:$E$37,MATCH(B89,employees!$A$2:$A$37,0)),"") -> Lead Engineer | G89: C013 | H89: =IFERROR(INDEX(competency_model!$C$2:$C$25,MATCH(G89,competency_model!$A$2:$A$25,0)),"") -> Stakeholder Communication | I89: =IFERROR(INDEX(competency_model!$D$2:$D$25,MATCH(G89,competency_model!$A$2:$A$25,0)),"") -> Non-Technical Explanation | J89: =IFERROR(INDEX(competency_model!$F$2:$F$25,MATCH(G89,competency_model!$A$2:$A$25,0)),"") -> 3 | K89: =IFERROR(INDEX(competency_model!$G$2:$G$25,MATCH(G89,competency_model!$A$2:$A$25,0)),"") -> Medium | L89: 2 | M89: =MAX(0,J89-L89) -> 1 | N89: =IF(M89=0,"No Gap",IF(M89=1,"Minor",IF(M89=2,"Moderate","Critical"))) -> Minor | O89: =IF(K89="High",3,IF(K89="Medium",2,1)) -> 2 | P89: =M89*O89 -> 2 | Q89: =IF(L89>=J89,"Ready","Development Needed") -> Development Needed | R89: Verified | S89: 46156.571 | T89: =TODAY()-S89 -> 45.42929 | U89: Self | V89: Needs evidence upload | W89: =IF(R89="Missing","Missing evidence",IF(T89>365,"Stale assessment",IF(COUNTIFS($B$2:$B$264,B89,$G$2:$G$264,G89)>1,"Duplicate competency record",IF(INDEX(employees!$H$2:$H$37,MATCH(B89,employees!$A$2:$A$37,0))="Inactive","Inactive account","OK")))) -> OK
A90: A0089 | B90: E012 | C90: =IFERROR(INDEX(employees!$B$2:$B$37,MATCH(B90,employees!$A$2:$A$37,0)),"") -> Morgan Khan | D90: =IFERROR(INDEX(employees!$C$2:$C$37,MATCH(B90,employees!$A$2:$A$37,0)),"") -> Systems Engineering | E90: =IFERROR(INDEX(employees!$D$2:$D$37,MATCH(B90,employees!$A$2:$A$37,0)),"") -> Testing & Validation | F90: =IFERROR(INDEX(employees!$E$2:$E$37,MATCH(B90,employees!$A$2:$A$37,0)),"") -> Lead Engineer | G90: C017 | H90: =IFERROR(INDEX(competency_model!$C$2:$C$25,MATCH(G90,competency_model!$A$2:$A$25,0)),"") -> Data Quality | I90: =IFERROR(INDEX(competency_model!$D$2:$D$25,MATCH(G90,competency_model!$A$2:$A$25,0)),"") -> Duplicate and Missing Value Checks | J90: =IFERROR(INDEX(competency_model!$F$2:$F$25,MATCH(G90,competency_model!$A$2:$A$25,0)),"") -> 4 | K90: =IFERROR(INDEX(competency_model!$G$2:$G$25,MATCH(G90,competency_model!$A$2:$A$25,0)),"") -> High | L90: 4 | M90: =MAX(0,J90-L90) -> 0 | N90: =IF(M90=0,"No Gap",IF(M90=1,"Minor",IF(M90=2,"Moderate","Critical"))) -> No Gap | O90: =IF(K90="High",3,IF(K90="Medium",2,1)) -> 3 | P90: =M90*O90 -> 0 | Q90: =IF(L90>=J90,"Ready","Development Needed") -> Ready | R90: Verified | S90: 46073.91 | T90: =TODAY()-S90 -> 128.08958 | U90: Manager | W90: =IF(R90="Missing","Missing evidence",IF(T90>365,"Stale assessment",IF(COUNTIFS($B$2:$B$264,B90,$G$2:$G$264,G90)>1,"Duplicate competency record",IF(INDEX(employees!$H$2:$H$37,MATCH(B90,employees!$A$2:$A$37,0))="Inactive","Inactive account","OK")))) -> OK
A91: A0090 | B91: E012 | C91: =IFERROR(INDEX(employees!$B$2:$B$37,MATCH(B91,employees!$A$2:$A$37,0)),"") -> Morgan Khan | D91: =IFERROR(INDEX(employees!$C$2:$C$37,MATCH(B91,employees!$A$2:$A$37,0)),"") -> Systems Engineering | E91: =IFERROR(INDEX(employees!$D$2:$D$37,MATCH(B91,employees!$A$2:$A$37,0)),"") -> Testing & Validation | F91: =IFERROR(INDEX(employees!$E$2:$E$37,MATCH(B91,employees!$A$2:$A$37,0)),"") -> Lead Engineer | G91: C020 | H91: =IFERROR(INDEX(competency_model!$C$2:$C$25,MATCH(G91,competency_model!$A$2:$A$25,0)),"") -> User Support | I91: =IFERROR(INDEX(competency_model!$D$2:$D$25,MATCH(G91,competency_model!$A$2:$A$25,0)),"") -> Competency Tool User Support | J91: =IFERROR(INDEX(competency_model!$F$2:$F$25,MATCH(G91,competency_model!$A$2:$A$25,0)),"") -> 3 | K91: =IFERROR(INDEX(competency_model!$G$2:$G$25,MATCH(G91,competency_model!$A$2:$A$25,0)),"") -> Medium | L91: 2 | M91: =MAX(0,J91-L91) -> 1 | N91: =IF(M91=0,"No Gap",IF(M91=1,"Minor",IF(M91=2,"Moderate","Critical"))) -> Minor | O91: =IF(K91="High",3,IF(K91="Medium",2,1)) -> 2 | P91: =M91*O91 -> 2 | Q91: =IF(L91>=J91,"Ready","Development Needed") -> Development Needed | R91: Partial | S91: 45790.893 | T91: =TODAY()-S91 -> 411.10705 | U91: Self | V91: Needs evidence upload | W91: =IF(R91="Missing","Missing evidence",IF(T91>365,"Stale assessment",IF(COUNTIFS($B$2:$B$264,B91,$G$2:$G$264,G91)>1,"Duplicate competency record",IF(INDEX(employees!$H$2:$H$37,MATCH(B91,employees!$A$2:$A$37,0))="Inactive","Inactive account","OK")))) -> Stale assessment
A92: A0091 | B92: E013 | C92: =IFERROR(INDEX(employees!$B$2:$B$37,MATCH(B92,employees!$A$2:$A$37,0)),"") -> Riley Taylor | D92: =IFERROR(INDEX(employees!$C$2:$C$37,MATCH(B92,employees!$A$2:$A$37,0)),"") -> Grid Automation | E92: =IFERROR(INDEX(employees!$D$2:$D$37,MATCH(B92,employees!$A$2:$A$37,0)),"") -> Testing & Validation | F92: =IFERROR(INDEX(employees!$E$2:$E$37,MATCH(B92,employees!$A$2:$A$37,0)),"") -> Engineer | G92: C012 | H92: =IFERROR(INDEX(competency_model!$C$2:$C$25,MATCH(G92,competency_model!$A$2:$A$25,0)),"") -> Safety / Compliance | I92: =IFERROR(INDEX(competency_model!$D$2:$D$25,MATCH(G92,competency_model!$A$2:$A$25,0)),"") -> Engineering Safety Awareness | J92: =IFERROR(INDEX(competency_model!$F$2:$F$25,MATCH(G92,competency_model!$A$2:$A$25,0)),"") -> 4 | K92: =IFERROR(INDEX(competency_model!$G$2:$G$25,MATCH(G92,competency_model!$A$2:$A$25,0)),"") -> High | L92: 4 | M92: =MAX(0,J92-L92) -> 0 | N92: =IF(M92=0,"No Gap",IF(M92=1,"Minor",IF(M92=2,"Moderate","Critical"))) -> No Gap | O92: =IF(K92="High",3,IF(K92="Medium",2,1)) -> 3 | P92: =M92*O92 -> 0 | Q92: =IF(L92>=J92,"Ready","Development Needed") -> Ready | R92: Missing | S92: 46168.752 | T92: =TODAY()-S92 -> 33.248409 | U92: Self | V92: Ready for review | W92: =IF(R92="Missing","Missing evidence",IF(T92>365,"Stale assessment",IF(COUNTIFS($B$2:$B$264,B92,$G$2:$G$264,G92)>1,"Duplicate competency record",IF(INDEX(employees!$H$2:$H$37,MATCH(B92,employees!$A$2:$A$37,0))="Inactive","Inactive account","OK")))) -> Missing evidence
A93: A0092 | B93: E013 | C93: =IFERROR(INDEX(employees!$B$2:$B$37,MATCH(B93,employees!$A$2:$A$37,0)),"") -> Riley Taylor | D93: =IFERROR(INDEX(employees!$C$2:$C$37,MATCH(B93,employees!$A$2:$A$37,0)),"") -> Grid Automation | E93: =IFERROR(INDEX(employees!$D$2:$D$37,MATCH(B93,employees!$A$2:$A$37,0)),"") -> Testing & Validation | F93: =IFERROR(INDEX(employees!$E$2:$E$37,MATCH(B93,employees!$A$2:$A$37,0)),"") -> Engineer | G93: C004 | H93: =IFERROR(INDEX(competency_model!$C$2:$C$25,MATCH(G93,competency_model!$A$2:$A$25,0)),"") -> Excel Reporting | I93: =IFERROR(INDEX(competency_model!$D$2:$D$25,MATCH(G93,competency_model!$A$2:$A$25,0)),"") -> PivotTables and Power Query | J93: =IFERROR(INDEX(competency_model!$F$2:$F$25,MATCH(G93,competency_model!$A$2:$A$25,0)),"") -> 4 | K93: =IFERROR(INDEX(competency_model!$G$2:$G$25,MATCH(G93,competency_model!$A$2:$A$25,0)),"") -> High | L93: 4 | M93: =MAX(0,J93-L93) -> 0 | N93: =IF(M93=0,"No Gap",IF(M93=1,"Minor",IF(M93=2,"Moderate","Critical"))) -> No Gap | O93: =IF(K93="High",3,IF(K93="Medium",2,1)) -> 3 | P93: =M93*O93 -> 0 | Q93: =IF(L93>=J93,"Ready","Development Needed") -> Ready | R93: Verified | S93: 46101.104 | T93: =TODAY()-S93 -> 100.89612 | U93: System | W93: =IF(R93="Missing","Missing evidence",IF(T93>365,"Stale assessment",IF(COUNTIFS($B$2:$B$264,B93,$G$2:$G$264,G93)>1,"Duplicate competency record",IF(INDEX(employees!$H$2:$H$37,MATCH(B93,employees!$A$2:$A$37,0))="Inactive","Inactive account","OK")))) -> Inactive account
A94: A0093 | B94: E013 | C94: =IFERROR(INDEX(employees!$B$2:$B$37,MATCH(B94,employees!$A$2:$A$37,0)),"") -> Riley Taylor | D94: =IFERROR(INDEX(employees!$C$2:$C$37,MATCH(B94,employees!$A$2:$A$37,0)),"") -> Grid Automation | E94: =IFERROR(INDEX(employees!$D$2:$D$37,MATCH(B94,employees!$A$2:$A$37,0)),"") -> Testing & Validation | F94: =IFERROR(INDEX(employees!$E$2:$E$37,MATCH(B94,employees!$A$2:$A$37,0)),"") -> Engineer | G94: C010 | H94: =IFERROR(INDEX(competency_model!$C$2:$C$25,MATCH(G94,competency_model!$A$2:$A$25,0)),"") -> Testing & Validation | I94: =IFERROR(INDEX(competency_model!$D$2:$D$25,MATCH(G94,competency_model!$A$2:$A$25,0)),"") -> Test Evidence Review | J94: =IFERROR(INDEX(competency_model!$F$2:$F$25,MATCH(G94,competency_model!$A$2:$A$25,0)),"") -> 4 | K94: =IFERROR(INDEX(competency_model!$G$2:$G$25,MATCH(G94,competency_model!$A$2:$A$25,0)),"") -> High | L94: 2 | M94: =MAX(0,J94-L94) -> 2 | N94: =IF(M94=0,"No Gap",IF(M94=1,"Minor",IF(M94=2,"Moderate","Critical"))) -> Moderate | O94: =IF(K94="High",3,IF(K94="Medium",2,1)) -> 3 | P94: =M94*O94 -> 6 | Q94: =IF(L94>=J94,"Ready","Development Needed") -> Development Needed | R94: Partial | S94: 46132.838 | T94: =TODAY()-S94 -> 69.162215 | U94: Self | W94: =IF(R94="Missing","Missing evidence",IF(T94>365,"Stale assessment",IF(COUNTIFS($B$2:$B$264,B94,$G$2:$G$264,G94)>1,"Duplicate competency record",IF(INDEX(employees!$H$2:$H$37,MATCH(B94,employees!$A$2:$A$37,0))="Inactive","Inactive account","OK")))) -> Inactive account
A95: A0094 | B95: E013 | C95: =IFERROR(INDEX(employees!$B$2:$B$37,MATCH(B95,employees!$A$2:$A$37,0)),"") -> Riley Taylor | D95: =IFERROR(INDEX(employees!$C$2:$C$37,MATCH(B95,employees!$A$2:$A$37,0)),"") -> Grid Automation | E95: =IFERROR(INDEX(employees!$D$2:$D$37,MATCH(B95,employees!$A$2:$A$37,0)),"") -> Testing & Validation | F95: =IFERROR(INDEX(employees!$E$2:$E$37,MATCH(B95,employees!$A$2:$A$37,0)),"") -> Engineer | G95: C018 | H95: =IFERROR(INDEX(competency_model!$C$2:$C$25,MATCH(G95,competency_model!$A$2:$A$25,0)),"") -> Data Quality | I95: =IFERROR(INDEX(competency_model!$D$2:$D$25,MATCH(G95,competency_model!$A$2:$A$25,0)),"") -> Assessment Evidence Validation | J95: =IFERROR(INDEX(competency_model!$F$2:$F$25,MATCH(G95,competency_model!$A$2:$A$25,0)),"") -> 4 | K95: =IFERROR(INDEX(competency_model!$G$2:$G$25,MATCH(G95,competency_model!$A$2:$A$25,0)),"") -> High | L95: 4 | M95: =MAX(0,J95-L95) -> 0 | N95: =IF(M95=0,"No Gap",IF(M95=1,"Minor",IF(M95=2,"Moderate","Critical"))) -> No Gap | O95: =IF(K95="High",3,IF(K95="Medium",2,1)) -> 3 | P95: =M95*O95 -> 0 | Q95: =IF(L95>=J95,"Ready","Development Needed") -> Ready | R95: Partial | S95: 45727.355 | T95: =TODAY()-S95 -> 474.64488 | U95: Manager | W95: =IF(R95="Missing","Missing evidence",IF(T95>365,"Stale assessment",IF(COUNTIFS($B$2:$B$264,B95,$G$2:$G$264,G95)>1,"Duplicate competency record",IF(INDEX(employees!$H$2:$H$37,MATCH(B95,employees!$A$2:$A$37,0))="Inactive","Inactive account","OK")))) -> Stale assessment
A96: A0095 | B96: E013 | C96: =IFERROR(INDEX(employees!$B$2:$B$37,MATCH(B96,employees!$A$2:$A$37,0)),"") -> Riley Taylor | D96: =IFERROR(INDEX(employees!$C$2:$C$37,MATCH(B96,employees!$A$2:$A$37,0)),"") -> Grid Automation | E96: =IFERROR(INDEX(employees!$D$2:$D$37,MATCH(B96,employees!$A$2:$A$37,0)),"") -> Testing & Validation | F96: =IFERROR(INDEX(employees!$E$2:$E$37,MATCH(B96,employees!$A$2:$A$37,0)),"") -> Engineer | G96: C011 | H96: =IFERROR(INDEX(competency_model!$C$2:$C$25,MATCH(G96,competency_model!$A$2:$A$25,0)),"") -> Testing & Validation | I96: =IFERROR(INDEX(competency_model!$D$2:$D$25,MATCH(G96,competency_model!$A$2:$A$25,0)),"") -> Defect Investigation | J96: =IFERROR(INDEX(competency_model!$F$2:$F$25,MATCH(G96,competency_model!$A$2:$A$25,0)),"") -> 3 | K96: =IFERROR(INDEX(competency_model!$G$2:$G$25,MATCH(G96,competency_model!$A$2:$A$25,0)),"") -> Medium | L96: 1 | M96: =MAX(0,J96-L96) -> 2 | N96: =IF(M96=0,"No Gap",IF(M96=1,"Minor",IF(M96=2,"Moderate","Critical"))) -> Moderate | O96: =IF(K96="High",3,IF(K96="Medium",2,1)) -> 2 | P96: =M96*O96 -> 4 | Q96: =IF(L96>=J96,"Ready","Development Needed") -> Development Needed | R96: Missing | S96: 46130.152 | T96: =TODAY()-S96 -> 71.84791 | U96: Self | V96: Needs practical project evidence | W96: =IF(R96="Missing","Missing evidence",IF(T96>365,"Stale assessment",IF(COUNTIFS($B$2:$B$264,B96,$G$2:$G$264,G96)>1,"Duplicate competency record",IF(INDEX(employees!$H$2:$H$37,MATCH(B96,employees!$A$2:$A$37,0))="Inactive","Inactive account","OK")))) -> Missing evidence
A97: A0096 | B97: E013 | C97: =IFERROR(INDEX(employees!$B$2:$B$37,MATCH(B97,employees!$A$2:$A$37,0)),"") -> Riley Taylor | D97: =IFERROR(INDEX(employees!$C$2:$C$37,MATCH(B97,employees!$A$2:$A$37,0)),"") -> Grid Automation | E97: =IFERROR(INDEX(employees!$D$2:$D$37,MATCH(B97,employees!$A$2:$A$37,0)),"") -> Testing & Validation | F97: =IFERROR(INDEX(employees!$E$2:$E$37,MATCH(B97,employees!$A$2:$A$37,0)),"") -> Engineer | G97: C006 | H97: =IFERROR(INDEX(competency_model!$C$2:$C$25,MATCH(G97,competency_model!$A$2:$A$25,0)),"") -> PowerPoint Presentation | I97: =IFERROR(INDEX(competency_model!$D$2:$D$25,MATCH(G97,competency_model!$A$2:$A$25,0)),"") -> Leadership Storytelling | J97: =IFERROR(INDEX(competency_model!$F$2:$F$25,MATCH(G97,competency_model!$A$2:$A$25,0)),"") -> 3 | K97: =IFERROR(INDEX(competency_model!$G$2:$G$25,MATCH(G97,competency_model!$A$2:$A$25,0)),"") -> Medium | L97: 3 | M97: =MAX(0,J97-L97) -> 0 | N97: =IF(M97=0,"No Gap",IF(M97=1,"Minor",IF(M97=2,"Moderate","Critical"))) -> No Gap | O97: =IF(K97="High",3,IF(K97="Medium",2,1)) -> 2 | P97: =M97*O97 -> 0 | Q97: =IF(L97>=J97,"Ready","Development Needed") -> Ready | R97: Partial | S97: 46170.544 | T97: =TODAY()-S97 -> 31.456073 | U97: System | V97: Needs practical project evidence | W97: =IF(R97="Missing","Missing evidence",IF(T97>365,"Stale assessment",IF(COUNTIFS($B$2:$B$264,B97,$G$2:$G$264,G97)>1,"Duplicate competency record",IF(INDEX(employees!$H$2:$H$37,MATCH(B97,employees!$A$2:$A$37,0))="Inactive","Inactive account","OK")))) -> Inactive account
A98: A0097 | B98: E013 | C98: =IFERROR(INDEX(employees!$B$2:$B$37,MATCH(B98,employees!$A$2:$A$37,0)),"") -> Riley Taylor | D98: =IFERROR(INDEX(employees!$C$2:$C$37,MATCH(B98,employees!$A$2:$A$37,0)),"") -> Grid Automation | E98: =IFERROR(INDEX(employees!$D$2:$D$37,MATCH(B98,employees!$A$2:$A$37,0)),"") -> Testing & Validation | F98: =IFERROR(INDEX(employees!$E$2:$E$37,MATCH(B98,employees!$A$2:$A$37,0)),"") -> Engineer | G98: C007 | H98: =IFERROR(INDEX(competency_model!$C$2:$C$25,MATCH(G98,competency_model!$A$2:$A$25,0)),"") -> Engineering Documentation | I98: =IFERROR(INDEX(competency_model!$D$2:$D$25,MATCH(G98,competency_model!$A$2:$A$25,0)),"") -> Technical Documentation | J98: =IFERROR(INDEX(competency_model!$F$2:$F$25,MATCH(G98,competency_model!$A$2:$A$25,0)),"") -> 4 | K98: =IFERROR(INDEX(competency_model!$G$2:$G$25,MATCH(G98,competency_model!$A$2:$A$25,0)),"") -> High | L98: 4 | M98: =MAX(0,J98-L98) -> 0 | N98: =IF(M98=0,"No Gap",IF(M98=1,"Minor",IF(M98=2,"Moderate","Critical"))) -> No Gap | O98: =IF(K98="High",3,IF(K98="Medium",2,1)) -> 3 | P98: =M98*O98 -> 0 | Q98: =IF(L98>=J98,"Ready","Development Needed") -> Ready | R98: Missing | S98: 45793.727 | T98: =TODAY()-S98 -> 408.27274 | U98: Manager | W98: =IF(R98="Missing","Missing evidence",IF(T98>365,"Stale assessment",IF(COUNTIFS($B$2:$B$264,B98,$G$2:$G$264,G98)>1,"Duplicate competency record",IF(INDEX(employees!$H$2:$H$37,MATCH(B98,employees!$A$2:$A$37,0))="Inactive","Inactive account","OK")))) -> Missing evidence
A99: A0098 | B99: E013 | C99: =IFERROR(INDEX(employees!$B$2:$B$37,MATCH(B99,employees!$A$2:$A$37,0)),"") -> Riley Taylor | D99: =IFERROR(INDEX(employees!$C$2:$C$37,MATCH(B99,employees!$A$2:$A$37,0)),"") -> Grid Automation | E99: =IFERROR(INDEX(employees!$D$2:$D$37,MATCH(B99,employees!$A$2:$A$37,0)),"") -> Testing & Validation | F99: =IFERROR(INDEX(employees!$E$2:$E$37,MATCH(B99,employees!$A$2:$A$37,0)),"") -> Engineer | G99: C013 | H99: =IFERROR(INDEX(competency_model!$C$2:$C$25,MATCH(G99,competency_model!$A$2:$A$25,0)),"") -> Stakeholder Communication | I99: =IFERROR(INDEX(competency_model!$D$2:$D$25,MATCH(G99,competency_model!$A$2:$A$25,0)),"") -> Non-Technical Explanation | J99: =IFERROR(INDEX(competency_model!$F$2:$F$25,MATCH(G99,competency_model!$A$2:$A$25,0)),"") -> 3 | K99: =IFERROR(INDEX(competency_model!$G$2:$G$25,MATCH(G99,competency_model!$A$2:$A$25,0)),"") -> Medium | L99: 3 | M99: =MAX(0,J99-L99) -> 0 | N99: =IF(M99=0,"No Gap",IF(M99=1,"Minor",IF(M99=2,"Moderate","Critical"))) -> No Gap | O99: =IF(K99="High",3,IF(K99="Medium",2,1)) -> 2 | P99: =M99*O99 -> 0 | Q99: =IF(L99>=J99,"Ready","Development Needed") -> Ready | R99: Verified | S99: 46003.708 | T99: =TODAY()-S99 -> 198.29206 | U99: System | V99: Ready for review | W99: =IF(R99="Missing","Missing evidence",IF(T99>365,"Stale assessment",IF(COUNTIFS($B$2:$B$264,B99,$G$2:$G$264,G99)>1,"Duplicate competency record",IF(INDEX(employees!$H$2:$H$37,MATCH(B99,employees!$A$2:$A$37,0))="Inactive","Inactive account","OK")))) -> Inactive account
A100: A0099 | B100: E014 | C100: =IFERROR(INDEX(employees!$B$2:$B$37,MATCH(B100,employees!$A$2:$A$37,0)),"") -> Sam Nguyen | D100: =IFERROR(INDEX(employees!$C$2:$C$37,MATCH(B100,employees!$A$2:$A$37,0)),"") -> HVDC | E100: =IFERROR(INDEX(employees!$D$2:$D$37,MATCH(B100,employees!$A$2:$A$37,0)),"") -> Software Engineering | F100: =IFERROR(INDEX(employees!$E$2:$E$37,MATCH(B100,employees!$A$2:$A$37,0)),"") -> Graduate | G100: C002 | H100: =IFERROR(INDEX(competency_model!$C$2:$C$25,MATCH(G100,competency_model!$A$2:$A$25,0)),"") -> Data Analysis | I100: =IFERROR(INDEX(competency_model!$D$2:$D$25,MATCH(G100,competency_model!$A$2:$A$25,0)),"") -> Python Data Cleaning | J100: =IFERROR(INDEX(competency_model!$F$2:$F$25,MATCH(G100,competency_model!$A$2:$A$25,0)),"") -> 4 | K100: =IFERROR(INDEX(competency_model!$G$2:$G$25,MATCH(G100,competency_model!$A$2:$A$25,0)),"") -> High | L100: 3 | M100: =MAX(0,J100-L100) -> 1 | N100: =IF(M100=0,"No Gap",IF(M100=1,"Minor",IF(M100=2,"Moderate","Critical"))) -> Minor | O100: =IF(K100="High",3,IF(K100="Medium",2,1)) -> 3 | P100: =M100*O100 -> 3 | Q100: =IF(L100>=J100,"Ready","Development Needed") -> Development Needed | R100: Verified | S100: 46139.784 | T100: =TODAY()-S100 -> 62.215857 | U100: System | V100: Needs practical project evidence | W100: =IF(R100="Missing","Missing evidence",IF(T100>365,"Stale assessment",IF(COUNTIFS($B$2:$B$264,B100,$G$2:$G$264,G100)>1,"Duplicate competency record",IF(INDEX(employees!$H$2:$H$37,MATCH(B100,employees!$A$2:$A$37,0))="Inactive","Inactive account","OK")))) -> OK
...

Sheet training_actions
A1: action_id | B1: employee_id | C1: competency_id | D1: competency_name | E1: team | F1: gap_priority_source | G1: recommended_training | H1: training_status | I1: owner | J1: target_date | K1: action_notes
A2: T001 | B2: E001 | C2: C009 | D2: =IFERROR(INDEX(competency_model!$D$2:$D$25,MATCH(C2,competency_model!$A$2:$A$25,0)),"") -> HVDC System Concepts | E2: =IFERROR(INDEX(employees!$C$2:$C$37,MATCH(B2,employees!$A$2:$A$37,0)),"") -> Asset Management | F2: Assessment gap review | G2: Excel / Python refresher | H2: Not Started | I2: Employee | J2: 46310.063 | K2: Can be grouped with team training
A3: T002 | B3: E001 | C3: C020 | D3: =IFERROR(INDEX(competency_model!$D$2:$D$25,MATCH(C3,competency_model!$A$2:$A$25,0)),"") -> Competency Tool User Support | E3: =IFERROR(INDEX(employees!$C$2:$C$37,MATCH(B3,employees!$A$2:$A$37,0)),"") -> Asset Management | F3: Assessment gap review | G3: Engineering documentation workshop | H3: Not Started | I3: Data Analyst Intern | J3: 46263.729 | K3: Can be grouped with team training
A4: T003 | B4: E001 | C4: C013 | D4: =IFERROR(INDEX(competency_model!$D$2:$D$25,MATCH(C4,competency_model!$A$2:$A$25,0)),"") -> Non-Technical Explanation | E4: =IFERROR(INDEX(employees!$C$2:$C$37,MATCH(B4,employees!$A$2:$A$37,0)),"") -> Asset Management | F4: Assessment gap review | G4: Excel / Python refresher | H4: Not Started | I4: Employee | J4: 46277.222 | K4: Prioritise before next review
A5: T004 | B5: E001 | C5: C004 | D5: =IFERROR(INDEX(competency_model!$D$2:$D$25,MATCH(C5,competency_model!$A$2:$A$25,0)),"") -> PivotTables and Power Query | E5: =IFERROR(INDEX(employees!$C$2:$C$37,MATCH(B5,employees!$A$2:$A$37,0)),"") -> Asset Management | F5: Assessment gap review | G5: Tableau fundamentals | H5: In Progress | I5: Competency Lead | J5: 46322.306 | K5: Evidence required after completion
A6: T005 | B6: E001 | C6: C006 | D6: =IFERROR(INDEX(competency_model!$D$2:$D$25,MATCH(C6,competency_model!$A$2:$A$25,0)),"") -> Leadership Storytelling | E6: =IFERROR(INDEX(employees!$C$2:$C$37,MATCH(B6,employees!$A$2:$A$37,0)),"") -> Asset Management | F6: Assessment gap review | G6: Excel / Python refresher | H6: Not Started | I6: Data Analyst Intern | J6: 46299.507 | K6: Low-cost internal training option
A7: T006 | B7: E001 | C7: C024 | D7: =IFERROR(INDEX(competency_model!$D$2:$D$25,MATCH(C7,competency_model!$A$2:$A$25,0)),"") -> Engineering Performance Indicators | E7: =IFERROR(INDEX(employees!$C$2:$C$37,MATCH(B7,employees!$A$2:$A$37,0)),"") -> Asset Management | F7: Assessment gap review | G7: Power systems knowledge session | H7: Completed | I7: People Leader | J7: 46257.474 | K7: Evidence required after completion
A8: T007 | B8: E001 | C8: C014 | D8: =IFERROR(INDEX(competency_model!$D$2:$D$25,MATCH(C8,competency_model!$A$2:$A$25,0)),"") -> Cross-Functional Updates | E8: =IFERROR(INDEX(employees!$C$2:$C$37,MATCH(B8,employees!$A$2:$A$37,0)),"") -> Asset Management | F8: Assessment gap review | G8: Engineering documentation workshop | H8: Not Started | I8: People Leader | J8: 46261.537 | K8: Can be grouped with team training
A9: T008 | B9: E001 | C9: C007 | D9: =IFERROR(INDEX(competency_model!$D$2:$D$25,MATCH(C9,competency_model!$A$2:$A$25,0)),"") -> Technical Documentation | E9: =IFERROR(INDEX(employees!$C$2:$C$37,MATCH(B9,employees!$A$2:$A$37,0)),"") -> Asset Management | F9: Assessment gap review | G9: Engineering documentation workshop | H9: Not Started | I9: Data Analyst Intern | J9: 46262.888 | K9: Low-cost internal training option
A10: T009 | B10: E002 | C10: C020 | D10: =IFERROR(INDEX(competency_model!$D$2:$D$25,MATCH(C10,competency_model!$A$2:$A$25,0)),"") -> Competency Tool User Support | E10: =IFERROR(INDEX(employees!$C$2:$C$37,MATCH(B10,employees!$A$2:$A$37,0)),"") -> Systems Engineering | F10: Assessment gap review | G10: Tableau fundamentals | H10: In Progress | I10: People Leader | J10: 46304.583 | K10: Low-cost internal training option
A11: T010 | B11: E002 | C11: C002 | D11: =IFERROR(INDEX(competency_model!$D$2:$D$25,MATCH(C11,competency_model!$A$2:$A$25,0)),"") -> Python Data Cleaning | E11: =IFERROR(INDEX(employees!$C$2:$C$37,MATCH(B11,employees!$A$2:$A$37,0)),"") -> Systems Engineering | F11: Assessment gap review | G11: Tableau fundamentals | H11: Not Started | I11: People Leader | J11: 46319.323 | K11: Evidence required after completion
A12: T011 | B12: E002 | C12: C017 | D12: =IFERROR(INDEX(competency_model!$D$2:$D$25,MATCH(C12,competency_model!$A$2:$A$25,0)),"") -> Duplicate and Missing Value Checks | E12: =IFERROR(INDEX(employees!$C$2:$C$37,MATCH(B12,employees!$A$2:$A$37,0)),"") -> Systems Engineering | F12: Assessment gap review | G12: Power systems knowledge session | H12: Not Started | I12: Employee | J12: 46324.675 | K12: Prioritise before next review
A13: T012 | B13: E002 | C13: C003 | D13: =IFERROR(INDEX(competency_model!$D$2:$D$25,MATCH(C13,competency_model!$A$2:$A$25,0)),"") -> SQL Querying | E13: =IFERROR(INDEX(employees!$C$2:$C$37,MATCH(B13,employees!$A$2:$A$37,0)),"") -> Systems Engineering | F13: Assessment gap review | G13: Excel / Python refresher | H13: Not Started | I13: Data Analyst Intern | J13: 46284.54 | K13: Evidence required after completion
... A59: T058 | B59: E009 | C59: C013 | D59: =IFERROR(INDEX(competency_model!$D$2:$D$25,MATCH(C59,competency_model!$A$2:$A$25,0)),"") -> Non-Technical Explanation | E59: =IFERROR(INDEX(employees!$C$2:$C$37,MATCH(B59,employees!$A$2:$A$37,0)),"") -> Systems Engineering | F59: Assessment gap review | G59: Excel / Python refresher | H59: In Progress | I59: Employee | J59: 46263.056 | K59: Evidence required after completion

Sheet assessment_history
A1: history_id | B1: employee_id | C1: competency_id | D1: review_quarter | E1: current_level | F1: required_level | G1: gap | H1: review_date | I1: evidence_status | J1: review_notes
A2: H0001 | B2: E001 | C2: C009 | D2: 2025 Q3 | E2: 1 | F2: =IFERROR(INDEX(competency_model!$F$2:$F$25,MATCH(C2,competency_model!$A$2:$A$25,0)),"") -> 3 | G2: =MAX(0,F2-E2) -> 2 | H2: 45874 | I2: Partial | J2: Evidence review
A3: H0002 | B3: E001 | C3: C009 | D3: 2025 Q4 | E3: 2 | F3: =IFERROR(INDEX(competency_model!$F$2:$F$25,MATCH(C3,competency_model!$A$2:$A$25,0)),"") -> 3 | G3: =MAX(0,F3-E3) -> 1 | H3: 45973 | I3: Verified | J3: Self review
A4: H0003 | B4: E001 | C4: C009 | D4: 2026 Q1 | E4: 2 | F4: =IFERROR(INDEX(competency_model!$F$2:$F$25,MATCH(C4,competency_model!$A$2:$A$25,0)),"") -> 3 | G4: =MAX(0,F4-E4) -> 1 | H4: 46066 | I4: Verified | J4: Self review
A5: H0004 | B5: E001 | C5: C009 | D5: 2026 Q2 | E5: 4 | F5: =IFERROR(INDEX(competency_model!$F$2:$F$25,MATCH(C5,competency_model!$A$2:$A$25,0)),"") -> 3 | G5: =MAX(0,F5-E5) -> 0 | H5: 46149 | I5: Verified | J5: Manager calibration
A6: H0005 | B6: E001 | C6: C020 | D6: 2025 Q3 | E6: 1 | F6: =IFERROR(INDEX(competency_model!$F$2:$F$25,MATCH(C6,competency_model!$A$2:$A$25,0)),"") -> 3 | G6: =MAX(0,F6-E6) -> 2 | H6: 45890 | I6: Verified | J6: Manager calibration
A7: H0006 | B7: E001 | C7: C020 | D7: 2025 Q4 | E7: 1 | F7: =IFERROR(INDEX(competency_model!$F$2:$F$25,MATCH(C7,competency_model!$A$2:$A$25,0)),"") -> 3 | G7: =MAX(0,F7-E7) -> 2 | H7: 45981 | I7: Partial | J7: Manager calibration
A8: H0007 | B8: E001 | C8: C020 | D8: 2026 Q1 | E8: 2 | F8: =IFERROR(INDEX(competency_model!$F$2:$F$25,MATCH(C8,competency_model!$A$2:$A$25,0)),"") -> 3 | G8: =MAX(0,F8-E8) -> 1 | H8: 46060 | I8: Partial | J8: Quarterly refresh
A9: H0008 | B9: E001 | C9: C020 | D9: 2026 Q2 | E9: 4 | F9: =IFERROR(INDEX(competency_model!$F$2:$F$25,MATCH(C9,competency_model!$A$2:$A$25,0)),"") -> 3 | G9: =MAX(0,F9-E9) -> 0 | H9: 46148 | I9: Verified | J9: Evidence review
A10: H0009 | B10: E001 | C10: C013 | D10: 2025 Q3 | E10: 1 | F10: =IFERROR(INDEX(competency_model!$F$2:$F$25,MATCH(C10,competency_model!$A$2:$A$25,0)),"") -> 3 | G10: =MAX(0,F10-E10) -> 2 | H10: 45874 | I10: Verified | J10: Manager calibration
A11: H0010 | B11: E001 | C11: C013 | D11: 2025 Q4 | E11: 3 | F11: =IFERROR(INDEX(competency_model!$F$2:$F$25,MATCH(C11,competency_model!$A$2:$A$25,0)),"") -> 3 | G11: =MAX(0,F11-E11) -> 0 | H11: 45979 | I11: Verified | J11: Quarterly refresh
A12: H0011 | B12: E001 | C12: C013 | D12: 2026 Q1 | E12: 3 | F12: =IFERROR(INDEX(competency_model!$F$2:$F$25,MATCH(C12,competency_model!$A$2:$A$25,0)),"") -> 3 | G12: =MAX(0,F12-E12) -> 0 | H12: 46066 | I12: Verified | J12: Quarterly refresh
A13: H0012 | B13: E001 | C13: C013 | D13: 2026 Q2 | E13: 4 | F13: =IFERROR(INDEX(competency_model!$F$2:$F$25,MATCH(C13,competency_model!$A$2:$A$25,0)),"") -> 3 | G13: =MAX(0,F13-E13) -> 0 | H13: 46147 | I13: Missing | J13: Self review
... A381: H0380 | B381: E013 | C381: C011 | D381: 2026 Q2 | E381: 2 | F381: =IFERROR(INDEX(competency_model!$F$2:$F$25,MATCH(C381,competency_model!$A$2:$A$25,0)),"") -> 3 | G381: =MAX(0,F381-E381) -> 1 | H381: 46166 | I381: Verified | J381: Evidence review

Sheet evidence_log
A1: evidence_id | B1: assessment_id | C1: employee_id | D1: competency_id | E1: evidence_type | F1: submitted_date | G1: verification_status | H1: verified_by | I1: file_reference | J1: quality_score | K1: evidence_issue
A2: EV0001 | B2: A0001 | C2: E001 | D2: C009 | E2: Training certificate | F2: 46195.326 | G2: Missing | I2: GE-MOCK-A0001-C009.pdf | J2: 3 | K2: Evidence not uploaded
A3: EV0002 | B3: A0002 | C3: E001 | D3: C020 | E3: Test evidence | F3: 46190.881 | G3: Pending Review | H3: Mei Chen | I3: GE-MOCK-A0002-C020.pdf | J3: 3 | K3: Needs clearer screenshot
A4: EV0003 | B4: A0003 | C4: E001 | D4: C013 | E4: Training certificate | F4: 45982.81 | G4: Pending Review | H4: Priya Shah | I4: GE-MOCK-A0003-C013.pdf | J4: 2 | K4: Evidence date mismatch
A5: EV0004 | B5: A0004 | C5: E001 | D5: C004 | E5: Test evidence | F5: 46110.383 | G5: Approved | H5: James Walker | I5: GE-MOCK-A0004-C004.pdf | J5: 5 | K5: Needs clearer screenshot
A6: EV0005 | B6: A0005 | C6: E001 | D6: C006 | E6: Workshop attendance | F6: 46178.996 | G6: Needs Rework | H6: Tom Evans | I6: GE-MOCK-A0005-C006.pdf | J6: 3
A7: EV0006 | B7: A0006 | C7: E001 | D7: C024 | E7: Training certificate | F7: 46135.1 | G7: Missing | I7: GE-MOCK-A0006-C024.pdf | J7: 3 | K7: Evidence not uploaded
A8: EV0007 | B8: A0007 | C8: E001 | D8: C014 | E8: Workshop attendance | F8: 46105.836 | G8: Missing | I8: GE-MOCK-A0007-C014.pdf | J8: 3 | K8: Evidence not uploaded
A9: EV0008 | B9: A0008 | C9: E001 | D9: C007 | E9: Test evidence | F9: 45974.587 | G9: Approved | H9: Tom Evans | I9: GE-MOCK-A0008-C007.pdf | J9: 5
A10: EV0009 | B10: A0009 | C10: E002 | D10: C020 | E10: Manager sign-off | F10: 46162.616 | G10: Pending Review | H10: Tom Evans | I10: GE-MOCK-A0009-C020.pdf | J10: 1 | K10: Evidence date mismatch
A11: EV0010 | B11: A0010 | C11: E002 | D11: C002 | E11: Test evidence | F11: 46075.997 | G11: Approved | H11: Aisha Khan | I11: GE-MOCK-A0010-C002.pdf | J11: 4 | K11: Needs clearer screenshot
A12: EV0011 | B12: A0011 | C12: E002 | D12: C017 | E12: Test evidence | F12: 45827.479 | G12: Needs Rework | H12: Tom Evans | I12: GE-MOCK-A0011-C017.pdf | J12: 1
A13: EV0012 | B13: A0012 | C13: E002 | D13: C003 | E13: System screenshot | F13: 46015.563 | G13: Approved | H13: Tom Evans | I13: GE-MOCK-A0012-C003.pdf | J13: 5 | K13: Evidence date mismatch
A14: EV0013 | B14: A0013 | C14: E002 | D14: C006 | E14: Manager sign-off | F14: 46012.538 | G14: Missing | I14: GE-MOCK-A0013-C006.pdf | J14: 3 | K14: Evidence not uploaded
A15: EV0014 | B15: A0014 | C15: E002 | D15: C022 | E15: Test evidence | F15: 46137.595 | G15: Missing | I15: GE-MOCK-A0014-C022.pdf | J15: 3 | K15: Evidence not uploaded
A16: EV0015 | B16: A0015 | C16: E002 | D16: C005 | E16: Project artefact | F16: 46005.594 | G16: Needs Rework | H16: Mei Chen | I16: GE-MOCK-A0015-C005.pdf | J16: 1 | K16: Needs clearer screenshot
A17: EV0016 | B17: A0016 | C17: E002 | D17: C001 | E17: Test evidence | F17: 46106.955 | G17: Pending Review | H17: Tom Evans | I17: GE-MOCK-A0016-C001.pdf | J17: 3
A18: EV0017 | B18: A0017 | C18: E003 | D18: C012 | E18: Project artefact | F18: 45765.867 | G18: Approved | H18: Priya Shah | I18: GE-MOCK-A0017-C012.pdf | J18: 5
A19: EV0018 | B19: A0018 | C19: E003 | D19: C007 | E19: Project artefact | F19: 45978.816 | G19: Missing | I19: GE-MOCK-A0018-C007.pdf | J19: 1 | K19: Evidence not uploaded
A20: EV0019 | B20: A0019 | C20: E003 | D20: C014 | E20: Manager sign-off | F20: 46055.758 | G20: Missing | I20: GE-MOCK-A0019-C014.pdf | J20: 2 | K20: Evidence not uploaded
A21: EV0020 | B21: A0020 | C21: E003 | D21: C024 | E21: Test evidence | F21: 46064.115 | G21: Approved | H21: Sarah Williams | I21: GE-MOCK-A0020-C024.pdf | J21: 5
A22: EV0021 | B22: A0021 | C22: E003 | D22: C020 | E22: Training certificate | F22: 46067.805 | G22: Approved | H22: Aisha Khan | I22: GE-MOCK-A0021-C020.pdf | J22: 5
A23: EV0022 | B23: A0022 | C23: E003 | D23: C013 | E23: Manager sign-off | F23: 46099.117 | G23: Approved | H23: Sarah Williams | I23: GE-MOCK-A0022-C013.pdf | J23: 5
A24: EV0023 | B24: A0023 | C24: E003 | D24: C006 | E24: Manager sign-off | F24: 45797.006 | G24: Approved | H24: Mei Chen | I24: GE-MOCK-A0023-C006.pdf | J24: 5
A25: EV0024 | B25: A0024 | C25: E004 | D25: C020 | E25: System screenshot | F25: 45686.128 | G25: Approved | H25: Tom Evans | I25: GE-MOCK-A0024-C020.pdf | J25: 4 | K25: Needs clearer screenshot
A26: EV0025 | B26: A0025 | C26: E004 | D26: C013 | E26: System screenshot | F26: 45697.497 | G26: Approved | H26: Priya Shah | I26: GE-MOCK-A0025-C013.pdf | J26: 4 | K26: Evidence date mismatch
A27: EV0026 | B27: A0026 | C27: E004 | D27: C004 | E27: System screenshot | F27: 46088.63 | G27: Pending Review | H27: Tom Evans | I27: GE-MOCK-A0026-C004.pdf | J27: 3 | K27: Evidence date mismatch
A28: EV0027 | B28: A0027 | C28: E004 | D28: C014 | E28: Workshop attendance | F28: 46081.027 | G28: Pending Review | H28: James Walker | I28: GE-MOCK-A0027-C014.pdf | J28: 3
A29: EV0028 | B29: A0028 | C29: E004 | D29: C007 | E29: System screenshot | F29: 46085.991 | G29: Needs Rework | H29: Priya Shah | I29: GE-MOCK-A0028-C007.pdf | J29: 1
A30: EV0029 | B30: A0029 | C30: E004 | D30: C006 | E30: Project artefact | F30: 46115.72 | G30: Pending Review | H30: Aisha Khan | I30: GE-MOCK-A0029-C006.pdf | J30: 3
A31: EV0030 | B31: A0030 | C31: E004 | D31: C023 | E31: Workshop attendance | F31: 45977.813 | G31: Missing | I31: GE-MOCK-A0030-C023.pdf | J31: 1 | K31: Evidence not uploaded
A32: EV0031 | B32: A0031 | C32: E004 | D32: C019 | E32: Manager sign-off | F32: 45983.961 | G32: Missing | I32: GE-MOCK-A0031-C019.pdf | J32: 2 | K32: Evidence not uploaded
A33: EV0032 | B33: A0032 | C33: E005 | D33: C018 | E33: Test evidence | F33: 46050.805 | G33: Pending Review | H33: Tom Evans | I33: GE-MOCK-A0032-C018.pdf | J33: 2 | K33: Evidence date mismatch
A34: EV0033 | B34: A0033 | C34: E005 | D34: C012 | E34: Training certificate | F34: 46114.773 | G34: Pending Review | H34: Aisha Khan | I34: GE-MOCK-A0033-C012.pdf | J34: 1
A35: EV0034 | B35: A0034 | C35: E005 | D35: C004 | E35: Manager sign-off | F35: 46115.539 | G35: Needs Rework | H35: Priya Shah | I35: GE-MOCK-A0034-C004.pdf | J35: 3 | K35: Awaiting leader sign-off
A36: EV0035 | B36: A0035 | C36: E005 | D36: C017 | E36: Manager sign-off | F36: 46028.392 | G36: Approved | H36: James Walker | I36: GE-MOCK-A0035-C017.pdf | J36: 4
A37: EV0036 | B37: A0036 | C37: E005 | D37: C020 | E37: System screenshot | F37: 45990.484 | G37: Missing | I37: GE-MOCK-A0036-C020.pdf | J37: 3 | K37: Evidence not uploaded
A38: EV0037 | B38: A0037 | C38: E005 | D38: C006 | E38: Workshop attendance | F38: 46136.004 | G38: Missing | I38: GE-MOCK-A0037-C006.pdf | J38: 3 | K38: Evidence not uploaded
A39: EV0038 | B39: A0038 | C39: E006 | D39: C016 | E39: Training certificate | F39: 45713.761 | G39: Missing | I39: GE-MOCK-A0038-C016.pdf | J39: 3 | K39: Evidence not uploaded
A40: EV0039 | B40: A0039 | C40: E006 | D40: C006 | E40: Manager sign-off | F40: 46132.087 | G40: Pending Review | H40: James Walker | I40: GE-MOCK-A0039-C006.pdf | J40: 2 | K40: Evidence date mismatch
A41: EV0040 | B41: A0040 | C41: E006 | D41: C011 | E41: System screenshot | F41: 46033.023 | G41: Approved | H41: Mei Chen | I41: GE-MOCK-A0040-C011.pdf | J41: 5
A42: EV0041 | B42: A0041 | C42: E006 | D42: C003 | E42: Manager sign-off | F42: 46148.429 | G42: Needs Rework | H42: Aisha Khan | I42: GE-MOCK-A0041-C003.pdf | J42: 1
A43: EV0042 | B43: A0042 | C43: E006 | D43: C013 | E43: Project artefact | F43: 46005.209 | G43: Missing | I43: GE-MOCK-A0042-C013.pdf | J43: 2 | K43: Evidence not uploaded
A44: EV0043 | B44: A0043 | C44: E006 | D44: C020 | E44: Manager sign-off | F44: 46086.663 | G44: Approved | H44: Sarah Williams | I44: GE-MOCK-A0043-C020.pdf | J44: 4 | K44: Needs clearer screenshot
A45: EV0044 | B45: A0044 | C45: E006 | D45: C015 | E45: System screenshot | F45: 46087.233 | G45: Pending Review | H45: Priya Shah | I45: GE-MOCK-A0044-C015.pdf | J45: 3 | K45: Needs clearer screenshot
A46: EV0045 | B46: A0045 | C46: E006 | D46: C012 | E46: Test evidence | F46: 46077.573 | G46: Pending Review | H46: Mei Chen | I46: GE-MOCK-A0045-C012.pdf | J46: 1 | K46: Needs clearer screenshot
A47: EV0046 | B47: A0046 | C47: E007 | D47: C020 | E47: Project artefact | F47: 46151.084 | G47: Approved | H47: James Walker | I47: GE-MOCK-A0046-C020.pdf | J47: 5
A48: EV0047 | B48: A0047 | C48: E007 | D48: C022 | E48: Manager sign-off | F48: 46037.925 | G48: Approved | H48: Aisha Khan | I48: GE-MOCK-A0047-C022.pdf | J48: 5
A49: EV0048 | B49: A0048 | C49: E007 | D49: C013 | E49: Test evidence | F49: 45988.094 | G49: Approved | H49: Priya Shah | I49: GE-MOCK-A0048-C013.pdf | J49: 4 | K49: Evidence date mismatch
A50: EV0049 | B50: A0049 | C50: E007 | D50: C012 | E50: Training certificate | F50: 46143.313 | G50: Needs Rework | H50: James Walker | I50: GE-MOCK-A0049-C012.pdf | J50: 2 | K50: Needs clearer screenshot
A51: EV0050 | B51: A0050 | C51: E007 | D51: C001 | E51: System screenshot | F51: 46195.806 | G51: Approved | H51: Priya Shah | I51: GE-MOCK-A0050-C001.pdf | J51: 4
A52: EV0051 | B52: A0051 | C52: E007 | D52: C003 | E52: Project artefact | F52: 46177.837 | G52: Needs Rework | H52: Sarah Williams | I52: GE-MOCK-A0051-C003.pdf | J52: 2
A53: EV0052 | B53: A0052 | C53: E007 | D53: C007 | E53: System screenshot | F53: 46150.347 | G53: Approved | H53: James Walker | I53: GE-MOCK-A0052-C007.pdf | J53: 5 | K53: Awaiting leader sign-off
A54: EV0053 | B54: A0053 | C54: E007 | D54: C021 | E54: Project artefact | F54: 46170.868 | G54: Pending Review | H54: Priya Shah | I54: GE-MOCK-A0053-C021.pdf | J54: 2 | K54: Evidence date mismatch
A55: EV0054 | B55: A0054 | C55: E008 | D55: C004 | E55: Test evidence | F55: 46040.987 | G55: Approved | H55: Sarah Williams | I55: GE-MOCK-A0054-C004.pdf | J55: 4 | K55: Evidence date mismatch
A56: EV0055 | B56: A0055 | C56: E008 | D56: C014 | E56: System screenshot | F56: 46082.067 | G56: Needs Rework | H56: Sarah Williams | I56: GE-MOCK-A0055-C014.pdf | J56: 3 | K56: Evidence date mismatch
A57: EV0056 | B57: A0056 | C57: E008 | D57: C006 | E57: Workshop attendance | F57: 46023.202 | G57: Pending Review | H57: James Walker | I57: GE-MOCK-A0056-C006.pdf | J57: 3 | K57: Needs clearer screenshot
A58: EV0057 | B58: A0057 | C58: E008 | D58: C024 | E58: Workshop attendance | F58: 46109.429 | G58: Approved | H58: Priya Shah | I58: GE-MOCK-A0057-C024.pdf | J58: 4 | K58: Awaiting leader sign-off
A59: EV0058 | B59: A0058 | C59: E008 | D59: C007 | E59: System screenshot | F59: 46166.064 | G59: Approved | H59: Aisha Khan | I59: GE-MOCK-A0058-C007.pdf | J59: 4 | K59: Evidence date mismatch
A60: EV0059 | B60: A0059 | C60: E008 | D60: C013 | E60: Test evidence | F60: 46052.863 | G60: Missing | I60: GE-MOCK-A0059-C013.pdf | J60: 3 | K60: Evidence not uploaded
A61: EV0060 | B61: A0060 | C61: E008 | D61: C009 | E61: Manager sign-off | F61: 45686.403 | G61: Approved | H61: Mei Chen | I61: GE-MOCK-A0060-C009.pdf | J61: 5
A62: EV0061 | B62: A0061 | C62: E009 | D62: C004 | E62: Training certificate | F62: 46076.367 | G62: Needs Rework | H62: Sarah Williams | I62: GE-MOCK-A0061-C004.pdf | J62: 1 | K62: Needs clearer screenshot
A63: EV0062 | B63: A0062 | C63: E009 | D63: C011 | E63: Training certificate | F63: 46053.815 | G63: Approved | H63: Tom Evans | I63: GE-MOCK-A0062-C011.pdf | J63: 5 | K63: Needs clearer screenshot
A64: EV0063 | B64: A0063 | C64: E009 | D64: C018 | E64: Project artefact | F64: 45840.127 | G64: Needs Rework | H64: Priya Shah | I64: GE-MOCK-A0063-C018.pdf | J64: 3
A65: EV0064 | B65: A0064 | C65: E009 | D65: C010 | E65: Project artefact | F65: 45974.747 | G65: Needs Rework | H65: Sarah Williams | I65: GE-MOCK-A0064-C010.pdf | J65: 1 | K65: Needs clearer screenshot
A66: EV0065 | B66: A0065 | C66: E009 | D66: C017 | E66: Training certificate | F66: 46050.716 | G66: Approved | H66: Aisha Khan | I66: GE-MOCK-A0065-C017.pdf | J66: 4 | K66: Awaiting leader sign-off
A67: EV0066 | B67: A0066 | C67: E009 | D67: C012 | E67: System screenshot | F67: 46103.532 | G67: Pending Review | H67: Mei Chen | I67: GE-MOCK-A0066-C012.pdf | J67: 2
A68: EV0067 | B68: A0067 | C68: E009 | D68: C013 | E68: System screenshot | F68: 45718.082 | G68: Approved | H68: Tom Evans | I68: GE-MOCK-A0067-C013.pdf | J68: 5 | K68: Evidence date mismatch
A69: EV0068 | B69: A0068 | C69: E010 | D69: C006 | E69: Training certificate | F69: 46164.835 | G69: Needs Rework | H69: Tom Evans | I69: GE-MOCK-A0068-C006.pdf | J69: 2
A70: EV0069 | B70: A0069 | C70: E010 | D70: C012 | E70: Manager sign-off | F70: 46156.034 | G70: Missing | I70: GE-MOCK-A0069-C012.pdf | J70: 3 | K70: Evidence not uploaded
A71: EV0070 | B71: A0070 | C71: E010 | D71: C001 | E71: Project artefact | F71: 46016.732 | G71: Needs Rework | H71: James Walker | I71: GE-MOCK-A0070-C001.pdf | J71: 3 | K71: Awaiting leader sign-off
A72: EV0071 | B72: A0071 | C72: E010 | D72: C013 | E72: Test evidence | F72: 45981.005 | G72: Missing | I72: GE-MOCK-A0071-C013.pdf | J72: 2 | K72: Evidence not uploaded
A73: EV0072 | B73: A0072 | C73: E010 | D73: C004 | E73: Project artefact | F73: 45841.172 | G73: Approved | H73: Mei Chen | I73: GE-MOCK-A0072-C004.pdf | J73: 4
A74: EV0073 | B74: A0073 | C74: E010 | D74: C018 | E74: Workshop attendance | F74: 45994.628 | G74: Missing | I74: GE-MOCK-A0073-C018.pdf | J74: 3 | K74: Evidence not uploaded
A75: EV0074 | B75: A0074 | C75: E010 | D75: C022 | E75: System screenshot | F75: 46092.111 | G75: Missing | I75: GE-MOCK-A0074-C022.pdf | J75: 1 | K75: Evidence not uploaded
A76: EV0075 | B76: A0075 | C76: E011 | D76: C013 | E76: Test evidence | F76: 46122.495 | G76: Missing | I76: GE-MOCK-A0075-C013.pdf | J76: 2 | K76: Evidence not uploaded
A77: EV0076 | B77: A0076 | C77: E011 | D77: C017 | E77: Manager sign-off | F77: 45973.181 | G77: Approved | H77: Mei Chen | I77: GE-MOCK-A0076-C017.pdf | J77: 4
A78: EV0077 | B78: A0077 | C78: E011 | D78: C002 | E78: System screenshot | F78: 46149.215 | G78: Approved | H78: Sarah Williams | I78: GE-MOCK-A0077-C002.pdf | J78: 4
A79: EV0078 | B79: A0078 | C79: E011 | D79: C007 | E79: Project artefact | F79: 46175.853 | G79: Approved | H79: James Walker | I79: GE-MOCK-A0078-C007.pdf | J79: 5 | K79: Awaiting leader sign-off
A80: EV0079 | B80: A0079 | C80: E011 | D80: C016 | E80: System screenshot | F80: 46143.183 | G80: Approved | H80: Mei Chen | I80: GE-MOCK-A0079-C016.pdf | J80: 4
A81: EV0080 | B81: A0080 | C81: E011 | D81: C020 | E81: Manager sign-off | F81: 46172.398 | G81: Approved | H81: Sarah Williams | I81: GE-MOCK-A0080-C020.pdf | J81: 4 | K81: Awaiting leader sign-off
A82: EV0081 | B82: A0081 | C82: E011 | D82: C006 | E82: Manager sign-off | F82: 46103.644 | G82: Missing | I82: GE-MOCK-A0081-C006.pdf | J82: 2 | K82: Evidence not uploaded
A83: EV0082 | B83: A0082 | C83: E011 | D83: C015 | E83: System screenshot | F83: 45734.041 | G83: Approved | H83: Tom Evans | I83: GE-MOCK-A0082-C015.pdf | J83: 5 | K83: Evidence date mismatch
A84: EV0083 | B84: A0083 | C84: E012 | D84: C004 | E84: Project artefact | F84: 46063.064 | G84: Needs Rework | H84: Aisha Khan | I84: GE-MOCK-A0083-C004.pdf | J84: 3
A85: EV0084 | B85: A0084 | C85: E012 | D85: C012 | E85: Workshop attendance | F85: 45767.795 | G85: Missing | I85: GE-MOCK-A0084-C012.pdf | J85: 2 | K85: Evidence not uploaded
A86: EV0085 | B86: A0085 | C86: E012 | D86: C018 | E86: Training certificate | F86: 45988.929 | G86: Missing | I86: GE-MOCK-A0085-C018.pdf | J86: 3 | K86: Evidence not uploaded
A87: EV0086 | B87: A0086 | C87: E012 | D87: C006 | E87: Training certificate | F87: 46143.721 | G87: Missing | I87: GE-MOCK-A0086-C006.pdf | J87: 3 | K87: Evidence not uploaded
A88: EV0087 | B88: A0087 | C88: E012 | D88: C010 | E88: Training certificate | F88: 45746.19 | G88: Missing | I88: GE-MOCK-A0087-C010.pdf | J88: 2 | K88: Evidence not uploaded
A89: EV0088 | B89: A0088 | C89: E012 | D89: C013 | E89: Test evidence | F89: 46174.571 | G89: Pending Review | H89: Tom Evans | I89: GE-MOCK-A0088-C013.pdf | J89: 2 | K89: Evidence date mismatch
A90: EV0089 | B90: A0089 | C90: E012 | D90: C017 | E90: Test evidence | F90: 46077.91 | G90: Needs Rework | H90: James Walker | I90: GE-MOCK-A0089-C017.pdf | J90: 2 | K90: Awaiting leader sign-off
A91: EV0090 | B91: A0090 | C91: E012 | D91: C020 | E91: Training certificate | F91: 45799.893 | G91: Needs Rework | H91: James Walker | I91: GE-MOCK-A0090-C020.pdf | J91: 1
A92: EV0091 | B92: A0091 | C92: E013 | D92: C012 | E92: Training certificate | F92: 46169.752 | G92: Missing | I92: GE-MOCK-A0091-C012.pdf | J92: 1 | K92: Evidence not uploaded
A93: EV0092 | B93: A0092 | C93: E013 | D93: C004 | E93: Project artefact | F93: 46110.062 | G93: Approved | H93: Priya Shah | I93: GE-MOCK-A0092-C004.pdf | J93: 4
A94: EV0093 | B94: A0093 | C94: E013 | D94: C010 | E94: Project artefact | F94: 46132.838 | G94: Approved | H94: Mei Chen | I94: GE-MOCK-A0093-C010.pdf | J94: 4
A95: EV0094 | B95: A0094 | C95: E013 | D95: C018 | E95: System screenshot | F95: 45746.313 | G95: Approved | H95: Priya Shah | I95: GE-MOCK-A0094-C018.pdf | J95: 5 | K95: Awaiting leader sign-off
A96: EV0095 | B96: A0095 | C96: E013 | D96: C011 | E96: Training certificate | F96: 46135.152 | G96: Missing | I96: GE-MOCK-A0095-C011.pdf | J96: 2 | K96: Evidence not uploaded
A97: EV0096 | B97: A0096 | C97: E013 | D97: C006 | E97: Training certificate | F97: 46174.544 | G97: Approved | H97: Aisha Khan | I97: GE-MOCK-A0096-C006.pdf | J97: 5 | K97: Needs clearer screenshot
A98: EV0097 | B98: A0097 | C98: E013 | D98: C007 | E98: Manager sign-off | F98: 45794.727 | G98: Missing | I98: GE-MOCK-A0097-C007.pdf | J98: 1 | K98: Evidence not uploaded
A99: EV0098 | B99: A0098 | C99: E013 | D99: C013 | E99: Workshop attendance | F99: 46012.708 | G99: Pending Review | H99: James Walker | I99: GE-MOCK-A0098-C013.pdf | J99: 1 | K99: Awaiting leader sign-off
A100: EV0099 | B100: A0099 | C100: E014 | D100: C002 | E100: Manager sign-off | F100: 46147.784 | G100: Pending Review | H100: James Walker | I100: GE-MOCK-A0099-C002.pdf | J100: 2 | K100: Needs clearer screenshot
...

Sheet access_audit
A1: audit_id | B1: employee_id | C1: employee_name | D1: team | E1: permission_role | F1: tool_access | G1: last_login | H1: access_issue | I1: ticket_status | J1: ticket_age_days | K1: resolution_owner
A2: UA001 | B2: E001 | C2: =IFERROR(INDEX(employees!$B$2:$B$37,MATCH(B2,employees!$A$2:$A$37,0)),"") -> Avery Brown | D2: Asset Management | E2: Read-only Viewer | F2: Tableau | G2: 46173.169 | H2: Password reset | I2: Open | J2: 18 | K2: IT Support
A3: UA002 | B3: E002 | C3: =IFERROR(INDEX(employees!$B$2:$B$37,MATCH(B3,employees!$A$2:$A$37,0)),"") -> Alex Shah | D3: Systems Engineering | E3: Competency Admin | F3: Competency Tool | G3: 46180.706 | H3: Password reset | I3: Open | J3: 13 | K3: Competency Lead
A4: UA003 | B4: E003 | C4: =IFERROR(INDEX(employees!$B$2:$B$37,MATCH(B4,employees!$A$2:$A$37,0)),"") -> Jamie Taylor | D4: Asset Management | E4: People Leader | F4: Tableau | G4: 46184.517 | H4: Leader view not assigned | I4: Escalated | J4: 17 | K4: IT Support
A5: UA004 | B5: E004 | C5: =IFERROR(INDEX(employees!$B$2:$B$37,MATCH(B5,employees!$A$2:$A$37,0)),"") -> Riley Chen | D5: Protection & Control | E5: Employee | F5: Tableau | G5: 46154.149 | H5: Tableau access missing | I5: Open | J5: 3 | K5: Data Analyst Intern
A6: UA005 | B6: E005 | C6: =IFERROR(INDEX(employees!$B$2:$B$37,MATCH(B6,employees!$A$2:$A$37,0)),"") -> Jamie Williams | D6: Systems Engineering | E6: People Leader | F6: SharePoint | G6: 46171.583 | H6: None | I6: Closed | J6: 0
A7: UA006 | B7: E006 | C7: =IFERROR(INDEX(employees!$B$2:$B$37,MATCH(B7,employees!$A$2:$A$37,0)),"") -> Taylor Patel | D7: Protection & Control | E7: People Leader | F7: Tableau | G7: 46196.858 | H7: Password reset | I7: Open | J7: 2 | K7: People Leader
A8: UA007 | B8: E007 | C8: =IFERROR(INDEX(employees!$B$2:$B$37,MATCH(B8,employees!$A$2:$A$37,0)),"") -> Morgan Nguyen | D8: Asset Management | E8: Read-only Viewer | F8: SharePoint | G8: 46167.202 | H8: Competency tool permission mismatch | I8: Escalated | J8: 20 | K8: IT Support
A9: UA008 | B9: E008 | C9: =IFERROR(INDEX(employees!$B$2:$B$37,MATCH(B9,employees!$A$2:$A$37,0)),"") -> Morgan Williams | D9: HVDC | E9: Employee | F9: Excel Reporting Folder | G9: 46184.592 | H9: Tableau access missing | I9: In Progress | J9: 15 | K9: Data Analyst Intern
A10: UA009 | B10: E009 | C10: =IFERROR(INDEX(employees!$B$2:$B$37,MATCH(B10,employees!$A$2:$A$37,0)),"") -> Riley Morgan | D10: Systems Engineering | E10: People Leader | F10: Competency Tool | G10: 46188.787 | H10: None | I10: Closed | J10: 0
A11: UA010 | B11: E010 | C11: =IFERROR(INDEX(employees!$B$2:$B$37,MATCH(B11,employees!$A$2:$A$37,0)),"") -> Jordan Khan | D11: HVDC | E11: Competency Admin | F11: Tableau | G11: 46142.723 | H11: Password reset | I11: Escalated | J11: 14 | K11: Data Analyst Intern
A12: UA011 | B12: E011 | C12: =IFERROR(INDEX(employees!$B$2:$B$37,MATCH(B12,employees!$A$2:$A$37,0)),"") -> Casey Walker | D12: Systems Engineering | E12: Competency Admin | F12: Competency Tool | G12: 46174.347 | H12: None | I12: Closed | J12: 0
A13: UA012 | B13: E012 | C13: =IFERROR(INDEX(employees!$B$2:$B$37,MATCH(B13,employees!$A$2:$A$37,0)),"") -> Morgan Khan | D13: Systems Engineering | E13: Competency Admin | F13: Excel Reporting Folder | G13: 46137.025 | H13: Competency tool permission mismatch | I13: Escalated | J13: 12 | K13: Competency Lead
A14: UA013 | B14: E013 | C14: =IFERROR(INDEX(employees!$B$2:$B$37,MATCH(B14,employees!$A$2:$A$37,0)),"") -> Riley Taylor | D14: Grid Automation | E14: Disabled | F14: Competency Tool | G14: 45937.592 | H14: Inactive account | I14: Escalated | J14: 16 | K14: Data Analyst Intern
A15: UA014 | B15: E014 | C15: =IFERROR(INDEX(employees!$B$2:$B$37,MATCH(B15,employees!$A$2:$A$37,0)),"") -> Sam Nguyen | D15: HVDC | E15: Employee | F15: Tableau | G15: 46175.264 | H15: None | I15: Closed | J15: 0
A16: UA015 | B16: E015 | C16: =IFERROR(INDEX(employees!$B$2:$B$37,MATCH(B16,employees!$A$2:$A$37,0)),"") -> Alex Taylor | D16: Chief Engineer Office | E16: Read-only Viewer | F16: Competency Tool | G16: 46177.648 | H16: Password reset | I16: Open | J16: 19 | K16: IT Support
A17: UA016 | B17: E016 | C17: =IFERROR(INDEX(employees!$B$2:$B$37,MATCH(B17,employees!$A$2:$A$37,0)),"") -> Morgan Walker | D17: Grid Automation | E17: Employee | F17: SharePoint | G17: 46116.014 | H17: None | I17: Closed | J17: 0
A18: UA017 | B18: E017 | C18: =IFERROR(INDEX(employees!$B$2:$B$37,MATCH(B18,employees!$A$2:$A$37,0)),"") -> Morgan Patel | D18: Systems Engineering | E18: Employee | F18: Excel Reporting Folder | G18: 46150.963 | H18: Password reset | I18: Escalated | J18: 7 | K18: Data Analyst Intern
A19: UA018 | B19: E018 | C19: =IFERROR(INDEX(employees!$B$2:$B$37,MATCH(B19,employees!$A$2:$A$37,0)),"") -> Jordan Evans | D19: Asset Management | E19: Employee | F19: Competency Tool | G19: 46184.566 | H19: Password reset | I19: Escalated | J19: 18 | K19: Competency Lead
A20: UA019 | B20: E019 | C20: =IFERROR(INDEX(employees!$B$2:$B$37,MATCH(B20,employees!$A$2:$A$37,0)),"") -> Cameron Nguyen | D20: Protection & Control | E20: Employee | F20: Competency Tool | G20: 46138.879 | H20: None | I20: Closed | J20: 0
A21: UA020 | B21: E020 | C21: =IFERROR(INDEX(employees!$B$2:$B$37,MATCH(B21,employees!$A$2:$A$37,0)),"") -> Sam Singh | D21: Systems Engineering | E21: Competency Admin | F21: SharePoint | G21: 46152.51 | H21: None | I21: Closed | J21: 0
A22: UA021 | B22: E021 | C22: =IFERROR(INDEX(employees!$B$2:$B$37,MATCH(B22,employees!$A$2:$A$37,0)),"") -> Jordan Patel | D22: Asset Management | E22: Employee | F22: SharePoint | G22: 46115.919 | H22: Tableau access missing | I22: Open | J22: 14 | K22: IT Support
A23: UA022 | B23: E022 | C23: =IFERROR(INDEX(employees!$B$2:$B$37,MATCH(B23,employees!$A$2:$A$37,0)),"") -> Morgan Morgan | D23: HVDC | E23: Disabled | F23: Competency Tool | G23: 45953.322 | H23: Inactive account | I23: Open | J23: 10 | K23: People Leader
A24: UA023 | B24: E023 | C24: =IFERROR(INDEX(employees!$B$2:$B$37,MATCH(B24,employees!$A$2:$A$37,0)),"") -> Robin Taylor | D24: HVDC | E24: Employee | F24: SharePoint | G24: 46177.332 | H24: Competency tool permission mismatch | I24: Open | J24: 9 | K24: Competency Lead
A25: UA024 | B25: E024 | C25: =IFERROR(INDEX(employees!$B$2:$B$37,MATCH(B25,employees!$A$2:$A$37,0)),"") -> Cameron Shah | D25: Grid Automation | E25: Employee | F25: Competency Tool | G25: 46189.744 | H25: None | I25: Closed | J25: 0
A26: UA025 | B26: E025 | C26: =IFERROR(INDEX(employees!$B$2:$B$37,MATCH(B26,employees!$A$2:$A$37,0)),"") -> Casey Khan | D26: HVDC | E26: Employee | F26: Excel Reporting Folder | G26: 46143.377 | H26: Password reset | I26: Escalated | J26: 1 | K26: Competency Lead
A27: UA026 | B27: E026 | C27: =IFERROR(INDEX(employees!$B$2:$B$37,MATCH(B27,employees!$A$2:$A$37,0)),"") -> Avery Evans | D27: Protection & Control | E27: Competency Admin | F27: Tableau | G27: 46165.393 | H27: Password reset | I27: Escalated | J27: 3 | K27: IT Support
A28: UA027 | B28: E027 | C28: =IFERROR(INDEX(employees!$B$2:$B$37,MATCH(B28,employees!$A$2:$A$37,0)),"") -> Drew Singh | D28: Protection & Control | E28: People Leader | F28: SharePoint | G28: 46178.235 | H28: Competency tool permission mismatch | I28: Escalated | J28: 7 | K28: Competency Lead
A29: UA028 | B29: E028 | C29: =IFERROR(INDEX(employees!$B$2:$B$37,MATCH(B29,employees!$A$2:$A$37,0)),"") -> Alex Morgan | D29: Grid Automation | E29: Competency Admin | F29: Competency Tool | G29: 46183.988 | H29: Leader view not assigned | I29: In Progress | J29: 9 | K29: IT Support
A30: UA029 | B30: E029 | C30: =IFERROR(INDEX(employees!$B$2:$B$37,MATCH(B30,employees!$A$2:$A$37,0)),"") -> Jamie Nguyen | D30: Chief Engineer Office | E30: Employee | F30: SharePoint | G30: 46143.891 | H30: Leader view not assigned | I30: In Progress | J30: 20 | K30: IT Support
A31: UA030 | B31: E030 | C31: =IFERROR(INDEX(employees!$B$2:$B$37,MATCH(B31,employees!$A$2:$A$37,0)),"") -> Avery Nguyen | D31: Asset Management | E31: People Leader | F31: Tableau | G31: 46120.519 | H31: Password reset | I31: Escalated | J31: 8 | K31: Competency Lead
A32: UA031 | B32: E031 | C32: =IFERROR(INDEX(employees!$B$2:$B$37,MATCH(B32,employees!$A$2:$A$37,0)),"") -> Morgan Patel | D32: Chief Engineer Office | E32: Disabled | F32: Tableau | G32: 45934.583 | H32: Inactive account | I32: Escalated | J32: 1 | K32: IT Support
A33: UA032 | B33: E032 | C33: =IFERROR(INDEX(employees!$B$2:$B$37,MATCH(B33,employees!$A$2:$A$37,0)),"") -> Avery Singh | D33: Protection & Control | E33: Competency Admin | F33: SharePoint | G33: 46177.006 | H33: Password reset | I33: In Progress | J33: 1 | K33: IT Support
A34: UA033 | B34: E033 | C34: =IFERROR(INDEX(employees!$B$2:$B$37,MATCH(B34,employees!$A$2:$A$37,0)),"") -> Taylor Brown | D34: Chief Engineer Office | E34: Read-only Viewer | F34: Competency Tool | G34: 46161.489 | H34: Leader view not assigned | I34: Escalated | J34: 18 | K34: People Leader
A35: UA034 | B35: E034 | C35: =IFERROR(INDEX(employees!$B$2:$B$37,MATCH(B35,employees!$A$2:$A$37,0)),"") -> Jordan Patel | D35: Protection & Control | E35: Disabled | F35: Excel Reporting Folder | G35: 45960.123 | H35: Inactive account | I35: Escalated | J35: 13 | K35: IT Support
A36: UA035 | B36: E035 | C36: =IFERROR(INDEX(employees!$B$2:$B$37,MATCH(B36,employees!$A$2:$A$37,0)),"") -> Avery Williams | D36: Protection & Control | E36: Read-only Viewer | F36: Competency Tool | G36: 46184.531 | H36: Tableau access missing | I36: In Progress | J36: 8 | K36: Data Analyst Intern
A37: UA036 | B37: E036 | C37: =IFERROR(INDEX(employees!$B$2:$B$37,MATCH(B37,employees!$A$2:$A$37,0)),"") -> Robin Patel | D37: Asset Management | E37: Employee | F37: Tableau | G37: 46129.748 | H37: None | I37: Closed | J37: 0

Sheet competency_targets
A1: target_id | B1: team | C1: competency_area | D1: target_readiness_rate | E1: review_cycle | F1: owner | G1: status | H1: target_note | I1: actual_readiness_rate | J1: variance_to_target
A2: TG001 | B2: Grid Automation | C2: Data Analysis | D2: 0.70906406 | E2: Monthly | F2: Tom Evans | G2: At Risk | H2: Leadership priority | I2: =IFERROR(COUNTIFS(assessments!$D$2:$D$264,B2,assessments!$H$2:$H$264,C2,assessments!$Q$2:$Q$264,"Ready")/COUNTIFS(assessments!$D$2:$D$264,B2,assessments!$H$2:$H$264,C2),0) -> 0 | J2: =I2-D2 -> -0.70906406
A3: TG002 | B3: Grid Automation | C3: Excel Reporting | D3: 0.75446741 | E3: Monthly | F3: James Walker | G3: On Track | H3: Business-as-usual tracking | I3: =IFERROR(COUNTIFS(assessments!$D$2:$D$264,B3,assessments!$H$2:$H$264,C3,assessments!$Q$2:$Q$264,"Ready")/COUNTIFS(assessments!$D$2:$D$264,B3,assessments!$H$2:$H$264,C3),0) -> 0.33333333 | J3: =I3-D3 -> -0.42113408
A4: TG003 | B4: Grid Automation | C4: Tableau | D4: 0.83680659 | E4: Monthly | F4: Sarah Williams | G4: At Risk | H4: New tool rollout | I4: =IFERROR(COUNTIFS(assessments!$D$2:$D$264,B4,assessments!$H$2:$H$264,C4,assessments!$Q$2:$Q$264,"Ready")/COUNTIFS(assessments!$D$2:$D$264,B4,assessments!$H$2:$H$264,C4),0) -> 0 | J4: =I4-D4 -> -0.83680659
A5: TG004 | B5: Grid Automation | C5: Engineering Documentation | D5: 0.81360089 | E5: Quarterly | F5: Mei Chen | G5: Needs Review | H5: Upcoming audit | I5: =IFERROR(COUNTIFS(assessments!$D$2:$D$264,B5,assessments!$H$2:$H$264,C5,assessments!$Q$2:$Q$264,"Ready")/COUNTIFS(assessments!$D$2:$D$264,B5,assessments!$H$2:$H$264,C5),0) -> 0.33333333 | J5: =I5-D5 -> -0.48026755
A6: TG005 | B6: Grid Automation | C6: Testing & Validation | D6: 0.78618622 | E6: Quarterly | F6: Tom Evans | G6: Needs Review | H6: Capability uplift | I6: =IFERROR(COUNTIFS(assessments!$D$2:$D$264,B6,assessments!$H$2:$H$264,C6,assessments!$Q$2:$Q$264,"Ready")/COUNTIFS(assessments!$D$2:$D$264,B6,assessments!$H$2:$H$264,C6),0) -> 0 | J6: =I6-D6 -> -0.78618622
A7: TG006 | B7: Grid Automation | C7: Safety / Compliance | D7: 0.75319221 | E7: Monthly | F7: Mei Chen | G7: Needs Review | H7: Capability uplift | I7: =IFERROR(COUNTIFS(assessments!$D$2:$D$264,B7,assessments!$H$2:$H$264,C7,assessments!$Q$2:$Q$264,"Ready")/COUNTIFS(assessments!$D$2:$D$264,B7,assessments!$H$2:$H$264,C7),0) -> 0.25 | J7: =I7-D7 -> -0.50319221
A8: TG007 | B8: Grid Automation | C8: Data Quality | D8: 0.80214391 | E8: Quarterly | F8: Sarah Williams | G8: Needs Review | H8: Upcoming audit | I8: =IFERROR(COUNTIFS(assessments!$D$2:$D$264,B8,assessments!$H$2:$H$264,C8,assessments!$Q$2:$Q$264,"Ready")/COUNTIFS(assessments!$D$2:$D$264,B8,assessments!$H$2:$H$264,C8),0) -> 1 | J8: =I8-D8 -> 0.19785609
A9: TG008 | B9: HVDC | C9: Data Analysis | D9: 0.74454195 | E9: Monthly | F9: Aisha Khan | G9: At Risk | H9: Upcoming audit | I9: =IFERROR(COUNTIFS(assessments!$D$2:$D$264,B9,assessments!$H$2:$H$264,C9,assessments!$Q$2:$Q$264,"Ready")/COUNTIFS(assessments!$D$2:$D$264,B9,assessments!$H$2:$H$264,C9),0) -> 0.5 | J9: =I9-D9 -> -0.24454195
A10: TG009 | B10: HVDC | C10: Excel Reporting | D10: 0.84084223 | E10: Monthly | F10: James Walker | G10: On Track | H10: Capability uplift | I10: =IFERROR(COUNTIFS(assessments!$D$2:$D$264,B10,assessments!$H$2:$H$264,C10,assessments!$Q$2:$Q$264,"Ready")/COUNTIFS(assessments!$D$2:$D$264,B10,assessments!$H$2:$H$264,C10),0) -> 0.2 | J10: =I10-D10 -> -0.64084223
A11: TG010 | B11: HVDC | C11: Tableau | D11: 0.8769249 | E11: Quarterly | F11: Tom Evans | G11: Needs Review | H11: Business-as-usual tracking | I11: =IFERROR(COUNTIFS(assessments!$D$2:$D$264,B11,assessments!$H$2:$H$264,C11,assessments!$Q$2:$Q$264,"Ready")/COUNTIFS(assessments!$D$2:$D$264,B11,assessments!$H$2:$H$264,C11),0) -> 1 | J11: =I11-D11 -> 0.1230751
A12: TG011 | B12: HVDC | C12: Engineering Documentation | D12: 0.7268625 | E12: Quarterly | F12: Aisha Khan | G12: On Track | H12: Business-as-usual tracking | I12: =IFERROR(COUNTIFS(assessments!$D$2:$D$264,B12,assessments!$H$2:$H$264,C12,assessments!$Q$2:$Q$264,"Ready")/COUNTIFS(assessments!$D$2:$D$264,B12,assessments!$H$2:$H$264,C12),0) -> 0 | J12: =I12-D12 -> -0.7268625
A13: TG012 | B13: HVDC | C13: Testing & Validation | D13: 0.82350835 | E13: Quarterly | F13: Sarah Williams | G13: On Track | H13: New tool rollout | I13: =IFERROR(COUNTIFS(assessments!$D$2:$D$264,B13,assessments!$H$2:$H$264,C13,assessments!$Q$2:$Q$264,"Ready")/COUNTIFS(assessments!$D$2:$D$264,B13,assessments!$H$2:$H$264,C13),0) -> 1 | J13: =I13-D13 -> 0.17649165
... A39: TG038 | B39: Chief Engineer Office | C39: Data Quality | D39: 0.88903698 | E39: Monthly | F39: Aisha Khan | G39: At Risk | H39: New tool rollout | I39: =IFERROR(COUNTIFS(assessments!$D$2:$D$264,B39,assessments!$H$2:$H$264,C39,assessments!$Q$2:$Q$264,"Ready")/COUNTIFS(assessments!$D$2:$D$264,B39,assessments!$H$2:$H$264,C39),0) -> 0.33333333 | J39: =I39-D39 -> -0.55570365

Sheet dashboard_seed
A1: Dashboard Seed - Competency Reporting Tables
A2: Formula-backed KPI and summary tables ready for Tableau or Power BI import.
A4: KPI | B4: Value | D4: Team | E4: Avg Gap | F4: High Priority Gaps | G4: Missing Evidence | H4: Stale Assessments | J4: Review Quarter | K4: Avg Gap | L4: Ready Records | M4: Total Records | N4: Readiness Rate
A5: Total employees | B5: =COUNTA(employees!$A$2:$A$37) -> 36 | D5: Grid Automation | E5: =IFERROR(AVERAGEIF(assessments!$D$2:$D$264,D5,assessments!$M$2:$M$264),0) -> 1.5357143 | F5: =COUNTIFS(assessments!$D$2:$D$264,D5,assessments!$P$2:$P$264,">=6") -> 9 | G5: =COUNTIFS(assessments!$D$2:$D$264,D5,assessments!$R$2:$R$264,"Missing") -> 4 | H5: =COUNTIFS(assessments!$D$2:$D$264,D5,assessments!$T$2:$T$264,">365") -> 3 | J5: 2025 Q3 | K5: =IFERROR(AVERAGEIF(assessment_history!$D$2:$D$381,J5,assessment_history!$G$2:$G$381),0) -> 2.0842105 | L5: =COUNTIFS(assessment_history!$D$2:$D$381,J5,assessment_history!$G$2:$G$381,0) -> 1 | M5: =COUNTIF(assessment_history!$D$2:$D$381,J5) -> 95 | N5: =IFERROR(L5/M5,0) -> 0.010526316
A6: Total assessments | B6: =COUNTA(assessments!$A$2:$A$264) -> 263 | D6: HVDC | E6: =IFERROR(AVERAGEIF(assessments!$D$2:$D$264,D6,assessments!$M$2:$M$264),0) -> 1.3111111 | F6: =COUNTIFS(assessments!$D$2:$D$264,D6,assessments!$P$2:$P$264,">=6") -> 12 | G6: =COUNTIFS(assessments!$D$2:$D$264,D6,assessments!$R$2:$R$264,"Missing") -> 10 | H6: =COUNTIFS(assessments!$D$2:$D$264,D6,assessments!$T$2:$T$264,">365") -> 6 | J6: 2025 Q4 | K6: =IFERROR(AVERAGEIF(assessment_history!$D$2:$D$381,J6,assessment_history!$G$2:$G$381),0) -> 1.5789474 | L6: =COUNTIFS(assessment_history!$D$2:$D$381,J6,assessment_history!$G$2:$G$381,0) -> 13 | M6: =COUNTIF(assessment_history!$D$2:$D$381,J6) -> 95 | N6: =IFERROR(L6/M6,0) -> 0.13684211
